formatted_date,IBM,RR.L,EBAY,INTC,NKE
4/5/15,139.7128601,0,24.39587402,29.14192581,47.23980713
5/5/15,138.9981232,949.4789429,23.91299248,28.65900421,47.04772568
6/5/15,137.5982971,938.4703979,23.72726822,28.2902,46.95402908
7/5/15,139.4247894,932.9663086,23.92124748,28.30779266,47.53028107
8/5/15,140.8027954,944.8920288,24.27618408,28.79949379,47.99410629
11/5/15,139.5307312,935.7184448,24.07807922,28.70290565,48.15809631
12/5/15,139.065979,921.9578247,24.06157112,28.316576,47.96131516
13/5/15,140.4766235,921.9578247,24.27205849,28.65900421,47.86292648
14/5/15,141.9198914,929.2967529,24.80446815,28.94875717,48.46262741
15/5/15,141.2757111,929.2967529,24.51969147,28.96632004,49.18412018
18/5/15,141.1126251,926.5446777,24.54032516,29.33509445,49.07636642
19/5/15,141.4550934,925.6273804,24.45365334,29.10680008,49.02482224
20/5/15,141.6834259,921.0404053,24.41238213,29.29997063,49.01078033
21/5/15,141.3409882,927.4620972,24.6558876,29.45801926,48.91238785
22/5/15,140.4277191,934.8010254,24.6476326,29.37021828,48.92644501
26/5/15,138.723526,925.6273804,24.23904037,29.06289864,48.45323944
27/5/15,140.2483368,933.8835449,24.50730705,29.59850311,48.18151474
28/5/15,140.0118866,931.1315918,24.9943161,29.86190796,48.19093704
29/5/15,138.3321228,915.5362549,25.32449341,30.25702286,47.89415359
1/6/15,138.7642975,915.0774536,25.81975746,29.77410698,47.93655396
2/6/15,138.3321228,905.4451294,25.5886364,29.21217155,48.10142899
3/6/15,138.5523224,905.4451294,25.59276009,28.73802757,48.28985977
4/6/15,137.2966003,892.1433105,25.79086494,28.36925697,48.02606201
5/6/15,136.4974823,891.2259521,26.09628296,27.95658112,48.06374741
8/6/15,134.8177643,885.7217407,25.11400604,27.48243713,47.78581238
9/6/15,135.0950165,882.5109253,24.93241119,27.43853951,47.74341965
10/6/15,137.736908,902.6929932,24.95717049,27.93902016,48.6808548
11/6/15,137.6227112,900.3995972,24.94891739,27.96536255,48.93523788
12/6/15,136.163147,889.8497925,24.77145004,27.50000572,48.88812256
15/6/15,135.5679626,866.9155273,24.76319504,27.56146622,48.6855545
16/6/15,136.040863,863.7047119,24.97781181,27.78097153,49.25556183
17/6/15,136.309967,842.6051636,24.99019051,28.05316544,49.34506607
18/6/15,137.1905823,833.8901978,25.04796982,28.43071747,49.93391037
19/6/15,136.163147,831.1381226,25.24607849,28.15852356,50.18357468
22/6/15,136.7665863,838.4770508,25.48545456,28.32535172,50.30606079
23/6/15,137.4922638,836.1835327,25.55974388,28.17609215,50.49920273
24/6/15,136.1468506,832.9728394,25.42767334,28.01804352,50.03754807
25/6/15,135.4211884,828.8447266,25.42354774,28.08828354,49.56647491
26/6/15,134.9156494,823.7991333,25.19242287,27.23658943,51.68159866
29/6/15,132.8852844,818.2949219,24.50317955,26.68343353,50.72060394
30/6/15,132.6325073,798.112793,24.86224556,26.70977592,50.88547897
1/7/15,134.1247101,816.460144,24.94066429,26.4990406,51.54970551
2/7/15,134.6139221,804.0756836,25.52672958,26.83269501,51.75697327
6/7/15,134.3203735,736.1901855,25.48958206,26.37611961,51.74283218
7/7/15,134.5405273,696.7432861,25.58038139,26.25319862,52.42589951
8/7/15,133.0402222,695.8258057,25.17178726,25.90198326,51.47431946
9/7/15,133.602829,694.4498291,25.49370956,25.40150261,51.55440903
10/7/15,136.1305695,705.458313,25.74134445,25.61223221,52.06316376
13/7/15,138.1119995,713.7146606,26.19533539,26.10392952,52.95350266
14/7/15,137.4841309,713.7146606,26.2448597,26.03368759,52.92052078
15/7/15,137.4189148,716.925354,26.18295097,26.06880951,52.71324921
16/7/15,139.4329376,717.3840942,27.07029724,26.25319862,52.92052078
17/7/15,140.6641541,715.5494385,27.35920334,25.87564087,53.13721466
20/7/15,141.2431335,718.3014526,28.01638603,25.5507679,53.29267502
21/7/15,132.9668274,702.2474365,28.04580307,25.21710968,53.22672272
22/7/15,130.7489471,697.6605835,27.89871025,25.12053108,53.74490356
23/7/15,131.8741608,691.2390137,27.87909698,25.11175346,53.70250702
24/7/15,130.2597198,675.1849365,27.68297577,24.6376133,53.22672272
27/7/15,129.7052307,658.6724243,27.45742989,24.89224434,52.6331749
28/7/15,130.5043488,674.2675781,27.78103638,25.42783928,53.4528389
29/7/15,131.3523407,670.1394653,28.1928978,25.47174454,54.13589096
30/7/15,131.2463531,687.5695801,27.820261,25.38394165,54.17829132
31/7/15,132.0862122,728.3925171,27.57510376,25.41906357,54.27722549
3/8/15,129.4116821,771.5089722,27.78103638,25.50686836,54.09349823
4/8/15,128.5065918,755.9136353,27.85948372,25.57710838,54.5363121
5/8/15,128.7512054,749.9507446,28.00657845,25.78072929,54.99796677
6/8/15,128.5210114,749.9507446,27.61432838,25.68335152,54.23011398
7/8/15,127.5344162,737.5662231,27.99677277,25.56825256,53.94275284
10/8/15,128.8745575,740.7770386,28.10464096,26.24110603,54.34316635
11/8/15,127.855072,732.0620728,27.59471703,25.64793587,53.9192009
12/8/15,128.3894501,733.8967285,27.46723747,26.08174515,53.25970078
13/8/15,127.4933243,732.0620728,27.44762421,25.55940437,53.51408005
14/8/15,128.0523987,731.6033325,27.71239281,25.69220161,53.8720932
17/8/15,128.5128021,730.6859131,27.74181175,25.74532318,54.1641655
18/8/15,128.2661591,724.7230835,27.23188782,25.59481621,54.08878708
19/8/15,126.5642624,699.0366821,26.89847755,25.10789108,54.15473557
20/8/15,125.5119019,698.1193848,26.00610924,24.37306213,52.90168381
21/8/15,122.3794556,674.2675781,25.27064514,23.51429939,50.34374619
24/8/15,117.9561844,660.0484009,24.44691849,23.23984337,48.93052292
25/8/15,115.8925781,664.1765747,24.74110413,22.90342331,48.77035522
26/8/15,120.6117859,655.4615479,25.66289139,24.16944313,51.23407745
27/8/15,122.1245422,670.1394653,26.57486916,24.54127312,53.05243301
28/8/15,121.6641541,682.0653687,26.72196388,25.16100693,52.99588776
31/8/15,121.5901489,,26.58467674,25.26724625,52.6425972
1/9/15,117.3066711,666.928772,25.96688461,24.62980843,51.1728363
2/9/15,119.2552109,671.515564,26.34932518,25.320364,52.14796829
3/9/15,120.6775131,676.102417,26.51603317,25.74532318,52.48411942
4/9/15,118.1452713,661.4243774,25.96688461,25.24953842,51.93489838
8/9/15,121.0475311,665.5526733,25.84921074,26.11715698,52.91024399
9/9/15,119.2552109,670.5981445,25.69230843,25.88697243,52.0153923
10/9/15,120.2007065,665.0939331,25.64327812,25.91353607,52.26158142
11/9/15,121.1626434,661.4243774,25.80998421,26.09059715,52.94339371
14/9/15,119.7484894,657.7550049,25.25102806,26.01977158,52.97652435
15/9/15,121.2941666,663.2591553,25.47657204,26.32078171,53.89979935
16/9/15,122.0177002,660.5070801,26.22184563,26.35619736,54.72364044
17/9/15,121.7957077,651.7920532,25.7609539,26.3030777,54.57685471
18/9/15,118.8112259,634.8207397,25.51579857,25.69220161,54.47269821
21/9/15,120.4309158,638.9489136,25.41773605,25.81614494,55.18764114
22/9/15,118.7454453,628.8578491,25.11374474,25.38233376,54.90828705
23/9/15,118.112381,623.3535767,25.09413147,25.44431114,54.65261841
24/9/15,118.7290268,596.7498779,25.11374474,25.21412659,54.34959412
25/9/15,119.5593872,608.6757202,24.83916855,25.50628281,59.18371964
28/9/15,117.1751099,605.4648438,23.67222786,25.46201515,57.82959747
29/9/15,117.1340332,597.2084351,23.61339188,25.88697243,56.66012955
30/9/15,119.1894302,621.0601196,23.96641541,26.68377113,58.22257614
1/10/15,118.0548782,629.7752075,24.42730713,26.55982018,58.62976074
2/10/15,118.8688126,646.2878418,25.03529358,27.01133537,59.28314972
5/10/15,122.5356216,668.3047485,25.24122429,27.63106728,58.83809662
6/10/15,122.3218918,677.0198364,25.18238831,28.10029602,58.32673645
7/10/15,123.3989105,673.3502808,25.18238831,28.61378288,57.81066895
8/10/15,125.1994858,683.9001465,23.68203354,28.79084778,59.14111328
9/10/15,125.289917,693.0737915,23.82912636,28.454422,59.15531921
12/10/15,124.2621841,666.0112915,24.08408737,28.51639557,59.86077499
13/10/15,123.0124817,652.2507324,24.14292908,28.36589432,59.56723404
14/10/15,123.3331375,640.7835693,23.53494263,29.03874016,59.58142853
15/10/15,123.3989105,639.4075317,24.03505707,28.99447441,60.97816849
16/10/15,123.6455688,628.8578491,24.07428169,29.25121689,61.77361298
19/10/15,122.6836472,614.1798096,24.08408737,29.73814392,63.07092285
20/10/15,115.6294556,618.3080444,23.94680214,29.60534859,62.67319489
21/10/15,115.8596268,625.1883545,23.74087143,29.54337502,62.72054672
22/10/15,118.4659271,623.1144409,27.04557037,30.45526505,62.69213867
23/10/15,118.951004,639.8547363,27.61432838,30.89792633,61.80202103
26/10/15,118.112381,635.2047119,27.62413597,30.62347221,62.20446396
27/10/15,113.3438339,627.2994385,27.820261,30.51723289,61.93932343
28/10/15,115.7856522,626.3693848,27.70258713,30.72971153,62.16184998
29/10/15,115.5554657,631.4845581,27.63394165,30.12768745,62.08135223
30/10/15,115.1690292,639.3897095,27.35936737,29.97718811,62.03874207
2/11/15,115.4074402,643.1098633,27.94774055,30.19852257,62.11449051
3/11/15,116.6489258,646.3649292,28.33999252,30.37559128,62.21392441
4/11/15,116.4433975,659.8501587,28.73223686,30.44690704,61.7215271
5/11/15,115.0128174,651.0150757,28.73223686,30.31317329,62.43172836
6/11/15,114.7306595,650.085022,28.83030128,30.17051506,62.39384079
9/11/15,112.2908249,649.6200562,28.6145649,29.73365593,61.77832794
10/11/15,112.4236298,624.9744263,28.57533836,29.60883713,61.55107117
11/11/15,112.0501633,620.3242188,28.38902283,29.29678917,60.32951736
12/11/15,110.4070053,498.9565735,28.00657845,28.8866787,59.64772797
13/11/15,109.3364639,477.5660095,27.64374924,28.62811852,57.69702911
16/11/15,110.963028,491.0512695,27.92812729,28.61919975,58.4545784
17/11/15,111.0543213,516.1619873,27.89871025,29.10064316,58.03791428
18/11/15,112.7140579,505.001709,28.1928978,29.56426239,59.55302429
19/11/15,113.4775543,503.1416016,28.21250916,30.5806427,59.55302429
20/11/15,114.938118,513.3718262,28.49689102,30.90159988,62.80577087
23/11/15,114.9049454,529.182251,28.28115273,30.74112129,62.71579742
24/11/15,115.0211334,546.8526611,28.43805313,30.63413811,62.73947525
25/11/15,114.523201,564.5231323,28.43805313,30.71437836,63.50651932
27/11/15,114.9049454,564.0581055,28.53611565,30.72328758,63.60120392
30/11/15,115.701622,564.0581055,29.01662064,30.99967003,62.63057327
1/12/15,117.2452087,561.7329712,28.48708344,31.28498268,63.11824036
2/12/15,115.9339905,558.9428711,28.40863609,31.05318069,62.80577087
3/12/15,115.2866898,556.6178589,28.0359993,30.34884262,61.13441467
4/12/15,116.5397797,552.8977661,28.78127289,31.1512413,62.6542511
7/12/15,115.8095169,567.7781372,28.48708344,31.19582176,62.6114502
8/12/15,114.5647278,548.7127075,28.23212051,30.98184586,62.65901184
9/12/15,113.3696671,538.017395,27.79084396,31.03534698,61.29831314
10/12/15,113.5107498,527.3221436,28.01638603,30.99967003,61.20314789
11/12/15,111.6767273,513.3718262,27.42801094,30.55389977,60.08509827
14/12/15,112.8053589,499.8865662,27.49665642,30.73221016,60.83205414
15/12/15,114.3489227,502.2115784,27.7614212,31.36522102,61.18888474
16/12/15,115.59375,526.8571777,28.01638603,31.4722023,62.2926712
17/12/15,113.4858551,533.3673096,27.50645828,31.12450218,61.95486832
18/12/15,111.9505844,536.1573486,26.92789268,30.19726372,61.14606094
21/12/15,112.4485092,529.6472168,27.05537605,30.52714348,61.75505447
22/12/15,114.4650955,525.927063,27.34956169,30.96401215,62.73039246
23/12/15,114.9713287,549.1777344,27.2416935,31.20473862,61.2364502
24/12/15,114.7306595,,27.12401962,31.18690491,60.11840439
28/12/15,114.1995392,,27.10440445,31.14233208,60.7178688
29/12/15,116.0004044,545.4575806,27.36917686,31.59702301,61.14606094
30/12/15,115.6352463,538.9473877,27.21227646,31.19582176,60.185009
31/12/15,114.2078552,,26.94750404,30.71437836,59.47135162
4/1/16,112.8219604,520.8120728,25.9178524,30.30425835,58.53883743
5/1/16,112.7389755,524.9970703,25.61386108,30.16160011,59.35716629
6/1/16,112.1746674,520.8120728,25.89824104,29.492939,58.51029205
7/1/16,110.257637,507.791748,25.19219208,28.38739967,56.94976425
8/1/16,109.2368927,520.3470459,25.25102806,28.0931778,56.01724625
11/1/16,110.5646744,513.3718262,25.59424782,28.58353806,56.6642952
12/1/16,110.2908173,517.09198,25.70211601,29.13630486,57.03540421
13/1/16,108.8551254,521.2770996,24.91761971,28.44980431,55.93161392
14/1/16,110.2991333,517.5569458,25.35889626,29.18980598,55.67470169
15/1/16,107.9090576,505.9317322,24.77052498,26.53294373,54.77072525
19/1/16,106.3157043,511.5118103,25.27064514,26.56860352,55.49390411
20/1/16,101.1289673,493.8413696,25.31967354,26.38137436,56.17902374
21/1/16,102.0003433,497.0964966,25.58444214,26.44378662,57.62535477
22/1/16,101.6601028,505.001709,25.9178524,26.68450737,57.92985153
25/1/16,101.3115311,505.9317322,25.63347054,26.39029121,57.75857162
26/1/16,101.7347794,505.4667358,26.13358879,26.69342232,58.14870834
27/1/16,100.3820801,501.7466125,25.90804863,26.57752228,56.69284821
28/1/16,101.4277344,504.5365906,22.68180084,26.72017479,58.2343483
29/1/16,103.5605087,516.1619873,23.00540161,27.65631485,59.00509262
1/2/16,103.5937042,516.1619873,23.47610092,27.47799683,60.09936523
2/2/16,102.0252533,494.3063965,22.83869934,26.56860352,59.51892471
3/2/16,103.5024261,477.1010437,23.04462814,26.3887291,59.46183777
4/2/16,105.93396,486.4012451,23.03482246,26.77547073,57.25424957
5/2/16,106.6974564,491.9812927,22.7504425,26.11889648,54.39962769
8/2/16,106.4543304,478.9610596,22.04439545,25.92103004,52.37285233
9/2/16,104.0147171,476.6360168,21.58350372,25.91203499,52.98183823
10/2/16,100.7619019,491.0512695,21.88749313,25.39037514,54.6280098
11/2/16,98.80014038,492.9114075,21.65214539,25.38138199,53.28633118
12/2/16,101.4744949,563.5930176,22.05420113,25.75913429,53.68597031
16/2/16,102.8996964,587.3085938,22.50528526,25.88505745,54.98958969
17/2/16,105.7165756,630.5546265,22.77005386,26.50564575,55.35117722
18/2/16,111.040123,614.7442017,23.07404709,26.46067619,55.7603302
19/2/16,111.5682907,597.0737915,23.34862137,25.82208633,56.43593979
22/2/16,112.1467667,612.4190674,23.77028847,26.39771652,57.25424957
23/2/16,110.9982147,617.0693359,23.16230392,25.90303993,57.29231644
24/2/16,111.3335495,607.769043,23.49571609,26.25381279,57.4731102
25/2/16,112.7587662,623.1144409,23.71145248,26.64056206,59.35716629
26/2/16,110.6880112,631.4845581,23.71145248,26.80245018,59.56650162
29/2/16,109.8496628,631.4845581,23.3388176,26.61357498,58.60544205
1/3/16,112.649765,635.2047119,23.78009415,27.31511688,59.87098694
2/3/16,114.2677841,632.4145508,23.26036644,27.46801758,59.20492554
3/3/16,115.5252991,665.8953857,23.47610092,27.50399399,58.64205551
4/3/16,115.5252991,671.9404907,23.93699455,27.54895782,58.44172287
7/3/16,117.4954529,671.010437,23.78990173,27.82778168,56.52419662
8/3/16,116.5900345,657.0602417,23.60358429,27.48600006,57.05842972
9/3/16,117.7134323,651.0150757,23.48591042,27.76482201,55.64652252
10/3/16,117.529007,634.2746582,23.23094749,28.10659599,56.17121506
11/3/16,119.3482361,637.994751,23.55455589,28.5653019,57.31601715
14/3/16,119.7003174,633.8096924,23.809515,28.26849174,58.01242828
15/3/16,119.8512344,628.694519,23.12307549,28.46635818,58.57528687
16/3/16,121.385437,628.2294922,23.22114372,28.5023365,59.01411819
17/3/16,123.2717285,652.4100952,23.29959297,28.76316643,60.27340317
18/3/16,123.3136597,666.3604126,23.30939674,29.39274979,60.09213638
21/3/16,124.6047211,653.3400879,23.86835289,29.08695412,61.74254227
22/3/16,124.1603851,645.8999023,23.66241837,29.06896973,61.91426468
23/3/16,121.8968277,631.4845581,23.7016449,28.78115845,59.56744003
24/3/16,124.0346298,631.0195313,23.85854721,28.6732254,58.81378174
28/3/16,124.4118805,,23.65261841,28.69121361,58.5180397
29/3/16,125.1915665,627.2994385,23.63300323,29.12293243,58.66113663
30/3/16,124.4202805,641.7147827,23.57416916,29.41973686,59.18584061
31/3/16,126.9689102,634.2746582,23.39765358,29.09594727,58.64205551
1/4/16,127.865921,616.1391602,23.41726494,29.18589401,58.75653839
4/4/16,127.4886246,613.3491211,23.56435966,28.78115845,57.21107483
5/4/16,125.7532272,606.3740845,23.91738319,28.69121361,56.92486954
6/4/16,125.7700348,611.9541016,24.93723106,28.85311127,57.53542328
7/4/16,124.2861481,609.1640625,23.63300323,28.37641907,57.52587891
8/4/16,125.2083435,620.3242188,23.60358429,28.44837379,56.68636703
11/4/16,125.1244812,617.5342407,23.5937767,28.4843502,55.25537872
12/4/16,125.4430618,611.4891357,23.94680214,28.65524101,55.85639191
13/4/16,126.7844162,627.2994385,24.59401131,28.89808083,56.83900452
14/4/16,126.725769,624.9744263,24.72149086,28.60127068,56.75315094
15/4/16,127.1952362,618.4642334,24.73130035,28.2954731,56.7626915
18/4/16,127.8742981,618.9292603,24.81955338,28.46635818,56.82946777
19/4/16,120.7231522,647.7599487,23.82912636,28.42139435,56.8199234
20/4/16,122.4920731,636.1346436,24.18215179,28.78115845,56.87717056
21/4/16,125.16642,643.5749512,24.21157265,28.75416946,57.31601715
22/4/16,124.4957275,636.1346436,23.92719078,28.45736694,56.69591904
25/4/16,124.7556458,625.9044189,23.7506752,28.23251152,56.48603821
26/4/16,124.9819794,622.1843262,24.0154438,28.24150658,56.8008461
27/4/16,126.1473007,625.9044189,24.78033257,28.55630302,56.54327011
28/4/16,123.2968903,652.3167114,24.14292908,27.98067856,55.84685516
29/4/16,122.3495331,629.288147,23.95660973,27.23417091,56.22845459
2/5/16,121.7878418,,23.78990173,27.53097725,56.84855652
3/5/16,120.8321075,603.4398804,23.51532745,27.30612183,56.78176117
4/5/16,120.932724,606.2597656,23.3388176,27.07932472,56.39063644
5/5/16,122.7938614,592.1607056,23.34862137,27.12468338,55.51295853
6/5/16,124.6729431,607.6696777,23.35842705,27.25169182,55.74191284
9/5/16,125.9121094,603.4398804,23.55455589,27.03396606,56.01857376
10/5/16,128.1596222,609.5496826,23.69184113,27.34241104,56.47649765
11/5/16,127.2879257,618.9488525,23.2799778,27.26983643,54.38723755
12/5/16,127.1939621,604.8499146,23.12307549,26.99768066,55.32215881
13/5/16,126.2368011,610.9594116,23.31920433,27.13375854,54.67344666
16/5/16,127.7237701,623.1786499,23.3388176,27.56920433,54.51126099
17/5/16,126.4761047,624.1185913,22.81908607,27.1972599,54.47309494
18/5/16,125.9121094,616.5991211,23.23094749,27.20633316,53.53818893
19/5/16,123.8525848,596.3904419,22.96617889,26.87974358,54.41586685
20/5/16,125.8351898,604.3797607,23.19172096,27.35147858,53.88162613
23/5/16,125.4249725,596.8602905,23.00540161,27.42405128,53.41417694
24/5/16,126.7410355,600.1501465,23.58397102,28.1770134,53.98656464
25/5/16,129.6294403,586.5211182,23.57416916,28.47637939,53.41417694
26/5/16,130.270401,587.9309082,23.65261841,28.56709862,53.27107239
27/5/16,130.6122131,578.0615845,23.88796425,28.63967705,53.6049614
31/5/16,131.3813324,581.8213501,23.98602676,28.65781784,52.67959976
1/6/16,130.3302307,568.6622314,23.60358429,28.7213192,52.4029274
2/6/16,131.1762085,570.5421143,23.78009415,28.81204414,52.17330551
3/6/16,130.6549683,569.1322632,23.51532745,28.6850338,51.13999176
6/6/16,130.5182343,575.711792,23.52513504,28.73946762,51.95324707
7/6/16,131.0309601,570.0722046,23.809515,28.92090034,51.23566437
8/6/16,131.6035004,574.7717896,23.76048279,28.9299736,51.78102493
9/6/16,131.1078491,563.4925537,23.85854721,28.97533417,52.56558228
10/6/16,130.2105713,567.2523804,23.60358429,29.06605339,52.72824478
13/6/16,129.2790833,564.4325562,23.42707062,29.18397903,52.53688431
14/6/16,129.0910797,563.9625854,23.41726494,29.15676689,51.78102493
15/6/16,128.7663574,575.711792,23.49571609,28.67596436,51.96281052
16/6/16,129.0910797,566.7822876,23.3878479,28.74853516,51.15911865
17/6/16,129.8858337,578.0615845,23.32901001,28.81204414,51.38874817
20/6/16,131.2702332,595.9204712,24.09389305,29.18397903,52.01065445
21/6/16,131.6462555,593.1005859,24.22137642,29.32006264,52.4029274
22/6/16,130.680603,597.3303833,23.86835289,29.29285049,52.211586
23/6/16,132.7571716,605.7897949,24.36846924,29.92787361,51.78102493
24/6/16,125.2711716,610.0194702,22.68180084,28.62152863,50.31715012
27/6/16,122.6305618,612.8393555,22.27974319,27.86857224,49.64739609
28/6/16,124.5105896,629.288147,22.5445118,28.29494667,50.79553986
29/6/16,126.8691864,662.1860352,22.8583107,28.96626091,52.7473793
30/6/16,129.7063599,668.765564,22.95637131,29.75550842,52.81436157
1/7/16,130.1934814,668.765564,23.31920433,29.71014786,53.20663071
5/7/16,129.6209259,668.2956543,23.29959297,29.64664078,52.81436157
6/7/16,130.2105713,657.0163574,23.36823654,29.90973091,53.3884201
7/7/16,130.4071198,684.7445679,23.46629715,30.11837959,53.50322723
8/7/16,131.9966278,690.8540649,24.13312149,30.84412384,54.26865768
11/7/16,132.7401123,680.5147705,24.37827682,31.18885803,54.37390518
12/7/16,134.2014008,680.5147705,24.64304352,31.6968708,55.5507431
13/7/16,135.0388947,701.6635132,24.63323784,31.76037979,55.48377609
14/7/16,136.9701996,701.6635132,25.57463455,31.93273544,55.96216202
15/7/16,136.5429382,699.7835083,25.82959557,31.81480026,55.36895752
18/7/16,136.6112823,693.6740112,25.97669029,31.79666519,55.2445755
19/7/16,136.3720093,695.0839233,25.98649597,31.88738632,55.26370621
20/7/16,137.893158,698.3736572,26.46700287,32.3772583,55.26370621
21/7/16,137.1154938,699.3135986,29.35003281,31.08906555,54.52698898
22/7/16,138.4998627,677.2250366,29.89918137,31.44285774,54.27822495
25/7/16,138.9955292,674.8752441,30.08549881,31.47007561,54.67050934
26/7/16,138.5426025,683.3345337,30.79154587,31.83295441,53.9337883
27/7/16,138.2947998,688.0343628,30.70329094,31.59709167,53.37885666
28/7/16,137.9016876,781.0881958,30.5660038,31.54264641,53.05355453
29/7/16,137.2607574,743.4906616,30.55619812,31.6242981,53.10138702
1/8/16,137.9700623,743.9605103,30.64445496,31.61522102,53.01527786
2/8/16,137.2265778,714.8225708,30.19336891,31.35214806,52.54644775
3/8/16,137.3034668,705.8932495,30.35026932,31.30643845,52.38379669
4/8/16,138.0554962,712.0027466,30.4581356,31.60808182,52.42207336
5/8/16,139.7219238,713.4126587,30.78174019,31.97369957,53.43626022
8/8/16,139.6701965,711.0628052,30.54639053,32.02854919,53.56063461
9/8/16,139.4374847,717.642334,30.50716782,31.91886139,53.35971832
10/8/16,139.7046661,749.1303711,30.51697159,31.56237602,52.7473793
11/8/16,140.9545135,751.0101318,30.59542465,31.69948196,54.27822495
12/8/16,139.5926208,751.4801025,30.29143143,31.5989399,54.01032257
15/8/16,139.5322876,748.1904297,30.44832802,31.90972328,54.31650162
16/8/16,138.5151825,740.6708984,30.23259354,32.18393326,54.42174911
17/8/16,138.2910767,735.5011597,30.01685524,32.01026154,54.40261841
18/8/16,139.0841064,741.6108398,29.92860031,31.96456528,54.73748779
19/8/16,137.9462891,744.430603,30.03646851,32.21136093,56.3544426
22/8/16,137.9118347,737.3811035,30.02666092,32.32104492,56.12482071
23/8/16,138.1359406,746.3104858,30.07569313,32.3576088,57.04333115
24/8/16,137.0929871,741.1407471,30.64445496,32.12909698,57.61739731
25/8/16,136.730957,727.5117188,30.73270798,32.07425308,56.67974854
26/8/16,136.4637604,737.3811035,30.70329094,32.22964096,56.45012283
29/8/16,137.6704712,,30.79154587,32.49470901,56.0961113
30/8/16,137.3946533,721.4020996,31.15437698,32.63182449,55.49333954
31/8/16,136.9464264,723.7519531,31.53682137,32.8054924,55.14889908
1/9/16,137.5153503,714.3525391,31.50740433,32.92432022,56.165905
2/9/16,137.5239563,736.44104,31.65449524,32.97916794,55.66699982
6/9/16,138.213501,727.5117188,31.7819767,33.42705917,55.08174133
7/9/16,139.3254395,720.9321289,31.88003731,33.32649994,55.37916183
8/9/16,137.0498657,704.9532471,32.06635666,33.30821609,53.89201736
9/9/16,134.1968384,681.9248047,31.27205086,32.39416504,53.08609009
12/9/16,136.4378815,674.8752441,31.86042786,32.97916794,53.73851013
13/9/16,134.3002625,676.2850952,31.29166412,32.54956055,53.12446976
14/9/16,132.7832336,682.3946533,31.18379593,32.55869675,52.89420319
15/9/16,134.17099,685.6844482,31.36030769,33.4179039,53.22040939
16/9/16,132.6022339,683.8046265,31.15437698,34.43251038,52.942173
19/9/16,133.4900513,695.0839233,30.95825195,33.96634674,52.72151184
20/9/16,133.1279907,688.9741821,30.75232124,33.94806671,52.64474487
21/9/16,134.0589294,682.3946533,31.35050201,34.23142242,53.09568787
22/9/16,134.5588379,688.9741821,31.65449524,34.32282639,53.16285324
23/9/16,133.5848541,679.1049194,31.44856453,33.99375916,52.91339493
26/9/16,132.7229004,669.2355957,31.05631447,33.50017548,52.19380951
27/9/16,135.1277466,668.2956543,31.32108498,33.98462677,53.09568787
28/9/16,136.4378815,674.4052734,31.23282814,34.22227478,51.09044647
29/9/16,136.2827606,669.7055054,31.67410469,34.1125946,50.04465103
30/9/16,136.9206085,676.7550049,32.2624855,34.50563431,50.51477814
3/10/16,135.8517914,693.2039795,31.91926384,34.42337036,50.53396988
4/10/16,134.8605499,714.8225708,31.92907143,34.31369019,50.0254631
5/10/16,135.3949432,709.1829834,31.52701378,34.72500992,50.00627899
6/10/16,135.2225647,714.3525391,31.50740433,34.79813766,49.91991806
7/10/16,134.1795959,728.9215698,31.00728607,34.82556152,49.68966293
10/10/16,135.3432007,738.3209839,31.33088875,34.75243378,49.68966293
11/10/16,133.4210815,727.9816284,30.85038567,34.06689072,49.71843338
12/10/16,132.990097,708.7130127,30.88961029,33.93893433,50.31329346
13/10/16,132.498764,706.3630371,30.89941406,33.79268265,49.91991806
14/10/16,133.1279907,718.5823975,31.27205086,34.23142242,49.52654648
17/10/16,133.4038391,727.041748,31.19360352,34.08517456,48.96048355
18/10/16,129.9129333,715.2926025,31.02689552,34.50563431,49.14277649
19/10/16,130.3783875,719.9921875,31.8898468,32.45814896,49.69924927
20/10/16,130.6024933,724.342041,28.4576664,32.38502502,49.78559875
21/10/16,128.9734039,713.9402466,28.49689102,32.12909698,49.67046738
24/10/16,129.7836456,705.4296875,28.65378952,32.22964096,49.76641464
25/10/16,130.0508575,698.8104248,28.48708344,32.08338928,48.97966766
26/10/16,130.852478,696.4463501,28.26154137,31.91886139,49.86234665
27/10/16,132.1798859,700.2288208,28.25173378,31.81831932,49.78559875
28/10/16,131.542038,694.5551147,28.04580307,31.7543335,49.91033173
31/10/16,132.4729309,686.9901733,27.95754814,31.87314987,48.14495087
1/11/16,131.6971588,686.517334,27.83006668,31.55323792,47.60765457
2/11/16,130.9731293,680.8436279,27.71239281,31.62635612,47.70360184
3/11/16,131.335144,669.0234985,27.51626778,31.24876022,47.71319962
4/11/16,131.3868713,673.7515869,27.40840149,30.95405006,47.93386459
7/11/16,134.2226868,684.6261597,27.69277954,31.94870186,48.84535217
8/11/16,134.9619904,679.425354,27.48685074,31.99475861,49.00845337
9/11/16,134.6488495,716.7771606,27.74181175,32.00395966,49.04682159
10/11/16,139.3542938,728.5973511,27.61432838,31.77371597,48.34643173
11/11/16,140.2676086,700.2288208,28.08502769,31.87502289,48.71102524
14/11/16,137.6060944,705.4296875,27.34956169,31.75530052,48.17373276
15/11/16,138.0061646,713.4674683,27.93793678,32.1513176,48.09698105
16/11/16,138.5453949,698.3375854,27.78103638,32.08685303,48.62467575
17/11/16,138.9890289,660.9857788,28.31057358,32.25263214,49.4977684
18/11/16,139.5021973,621.7426147,28.13405991,32.18815994,49.02763748
21/11/16,141.5722198,621.2698975,28.43805313,32.21578598,49.20033646
22/11/16,141.4852753,624.1067505,28.49689102,32.67626572,49.61290359
23/11/16,140.8851166,634.0357056,28.33999252,32.41840744,49.25790024
25/11/16,141.8940582,629.7803955,28.38902283,32.63942337,49.43061066
28/11/16,143.0942993,635.9268799,28.01638603,32.7039032,48.94128799
29/11/16,142.2332458,636.3997192,27.95754814,32.51971054,48.57670212
30/11/16,141.0938721,639.7093506,27.27111053,31.95790672,48.03941345
1/12/16,139.0063934,644.9102173,26.85925102,31.09218979,48.77122498
2/12/16,139.1803741,625.0523071,27.86929321,31.46058846,48.58826828
5/12/16,139.0238342,629.3076172,27.80064774,31.67240906,49.92671204
6/12/16,139.4673767,625.5251465,27.6633606,31.97633171,48.69419098
7/12/16,143.3291626,635.9268799,28.3497982,32.69469452,50.16743469
8/12/16,143.8249054,622.6882324,28.84991264,32.87888718,49.63783264
9/12/16,144.8338776,631.6716309,29.38925362,32.93414688,49.80153275
12/12/16,143.9466858,615.5961914,29.62460518,33.12755203,49.62820816
13/12/16,146.3733521,641.1278076,29.2421608,33.89196014,50.36001968
14/12/16,146.5647125,633.5628662,29.2421608,33.66171646,49.86893463
15/12/16,146.138504,634.9813232,29.15390778,33.88275528,49.38747787
16/12/16,145.0165253,638.2910156,29.0362339,33.44068527,49.03120804
19/12/16,144.9729919,636.3997192,28.81068802,33.97484589,48.96380615
20/12/16,145.7732239,639.2365723,28.69301605,34.26956558,49.86893463
21/12/16,145.5383453,647.7471313,28.79107666,34.05773544,50.36001968
22/12/16,145.3035126,645.3831177,28.96759033,34.01169205,50.20594788
23/12/16,144.9991302,643.4918213,29.21274567,34.04853439,49.98448563
27/12/16,145.3731079,,29.65402603,34.14062881,49.38747787
28/12/16,144.5468292,649.1655884,29.42848015,33.73540497,49.12749481
29/12/16,144.9034424,641.1278076,29.39906311,33.76303101,49.16601181
30/12/16,144.3728943,631.6716309,29.11468506,33.40384674,48.94454575
3/1/17,145.416626,633.5628662,29.26177597,33.7077713,50.05189133
4/1/17,147.217041,631.1988525,29.18332672,33.53278351,51.10145569
5/1/17,146.72995,604.7216187,29.42848015,33.47751236,51.09182739
6/1/17,147.4518433,615.1233521,30.44832802,33.59725952,51.91029739
9/1/17,145.8166809,625.0523071,30.15414238,33.71697998,51.39995575
10/1/17,143.9641113,631.1988525,29.66383171,33.65251541,51.13998032
11/1/17,145.9036407,633.5628662,29.82073021,34.03011322,50.73554611
12/1/17,146.0776367,640.1821899,29.76189232,33.80907822,50.45630646
13/1/17,145.5470734,625.5251465,29.70305634,33.88275528,50.95701218
17/1/17,146.0254364,656.7305298,29.70305634,33.89196014,51.65994644
18/1/17,145.0773773,655.78479,29.80111694,33.85512924,51.29403687
19/1/17,145.0860901,664.2954102,30.12472343,33.68014526,50.96665192
20/1/17,148.3390198,651.0567627,30.04627419,34.02089691,51.22663116
23/1/17,148.7565308,653.8936157,29.68344498,33.86433411,51.26515961
24/1/17,152.9922791,643.4918213,29.40886879,34.64715958,51.46736526
25/1/17,155.0710144,648.6928101,29.64421844,34.81293869,51.8621521
26/1/17,155.3928375,654.3665161,31.12495804,34.59191132,51.65994644
27/1/17,154.2099457,648.6928101,31.88003731,34.97872162,51.21699905
30/1/17,152.9053345,624.1067505,31.54662514,34.46297455,51.11108398
31/1/17,151.7920074,631.1988525,31.21321487,33.91038513,50.9377594
1/2/17,151.5919495,631.6716309,31.55643463,33.63409424,51.05331802
2/2/17,151.844223,637.3453369,31.35050201,33.78144836,50.84147644
3/2/17,152.9227295,634.5085449,31.44856453,33.87421036,50.41778946
6/2/17,152.9574738,643.4918213,31.409338,33.6423111,50.84147644
7/2/17,155.2189178,662.4042358,31.80159187,33.7165184,50.85110092
8/2/17,154.4386902,680.8436279,32.60569763,33.74434662,51.88140869
9/2/17,155.3504181,678.9525146,32.47821426,32.89099121,53.25837326
10/2/17,156.6390533,692.6638794,32.97833633,32.7796936,54.13461685
13/2/17,157.2351837,699.7559814,33.13523483,33.20635986,54.00943375
14/2/17,157.910202,671.8603516,32.97833633,33.32694626,54.3560791
15/2/17,159.2689819,666.1866455,33.35097122,33.4382515,54.5390358
16/2/17,159.0498047,655.78479,32.8900795,33.77217102,54.20201492
17/2/17,158.3835907,629.7803955,33.10581589,33.8371048,54.64495087
21/2/17,158.0241852,692.6638794,33.26271439,33.87421036,55.23231888
22/2/17,158.8043518,710.6306152,33.16465378,33.45679855,56.07968521
23/2/17,159.2427216,722.4508057,32.94891739,33.55883789,55.26121902
24/2/17,158.9797058,721.9779053,33.40000534,33.88347626,55.71377563
27/2/17,157.2702179,726.2332764,33.61573792,33.86492538,55.55008698
28/2/17,157.6384583,744.2000122,33.24310303,33.57738113,55.03974152
1/3/17,159.505722,739.9447021,33.60593414,33.32694626,55.80044556
2/3/17,158.260849,734.2711182,33.25291061,33.3083992,55.82941818
3/3/17,157.8400726,728.5973511,33.08620834,33.29912186,54.76691818
6/3/17,158.2082825,718.668335,32.98814011,32.99302292,54.83452606
7/3/17,158.1293488,715.8314819,32.82143402,33.20635986,54.62203598
8/3/17,157.3140564,708.2665405,32.67433929,33.03940201,54.58338928
9/3/17,155.3240814,706.8482056,32.53705215,33.22491455,54.43850708
10/3/17,155.8939209,713.4674683,32.48802567,33.3083992,54.50612259
13/3/17,154.6929016,720.5596313,32.17422867,32.61273193,54.73793793
14/3/17,154.0441742,725.2875977,32.22325516,32.63128281,55.32714081
15/3/17,154.1230927,730.9613647,32.25267029,32.55707932,55.69419098
16/3/17,155.3766632,732.3797607,32.45860672,32.59418106,55.63623428
17/3/17,153.9828186,730.4885864,33.04698181,32.71476746,55.82941818
20/3/17,154.0266571,732.8525391,33.15485001,32.86317444,56.67941284
21/3/17,152.4311829,735.6893921,32.54686356,32.5014267,56.03224564
22/3/17,153.2201538,716.7771606,32.88027191,32.80751801,52.08169937
23/3/17,153.255249,712.9946899,32.87046814,32.71476746,53.48226166
24/3/17,152.3873291,715.3587036,32.75279236,32.61273193,54.43850708
27/3/17,152.3347473,702.5928955,32.7822113,32.82607269,54.02317047
28/3/17,152.9834442,712.5219116,32.88027191,33.02084732,54.68964386
29/3/17,152.4837646,717.7227173,32.99795151,32.99302292,54.74759674
30/3/17,152.4136353,724.342041,33.04698181,33.15998077,54.12941742
31/3/17,152.6590729,712.9946899,32.91949844,33.45679855,53.8299942
3/4/17,152.9746704,709.6849976,33.10581589,33.54027939,53.66579056
4/4/17,152.992218,724.8148804,33.47844696,33.65158463,53.16350937
5/4/17,151.5545197,736.1622314,33.15485001,33.59593964,53.10556412
6/4/17,151.1775513,741.3631592,33.49806595,33.41970444,53.26010132
7/4/17,150.9057922,753.656189,33.25291061,33.41970444,53.23112106
10/4/17,150.0817413,753.656189,33.40000534,33.20635986,53.02828979
11/4/17,149.5382233,766.421936,33.33135986,33.15070724,53.04760742
12/4/17,149.6083527,785.3342896,33.60593414,33.04867935,53.67544174
13/4/17,148.6177368,783.4430542,33.66477585,32.69621277,53.45328903
17/4/17,149.9940796,,33.77264023,32.9095459,54.32260513
18/4/17,149.0736237,771.1500854,33.36077499,33.17853928,54.19703293
19/4/17,141.7448425,757.4385986,33.19406891,33.3083992,53.95555878
20/4/17,142.2796021,761.2210693,31.89964676,33.55883789,54.47714996
21/4/17,140.5964508,762.6395264,31.55643463,33.688694,53.94589233
24/4/17,140.9207916,765.9491577,31.42895126,34.08753586,53.57886124
25/4/17,140.6052399,768.3132324,32.17422867,34.19883728,53.55953598
26/4/17,140.3159027,781.0789795,32.37034988,34.25449753,53.27942276
27/4/17,140.5438385,765.0036011,32.419384,34.71827698,53.57886124
28/4/17,140.5175323,767.8404541,32.76259613,33.53100586,53.52090073
1/5/17,139.2464142,,32.66453552,33.67941666,53.1152153
2/5/17,139.47435,778.7150269,32.86065674,34.29159927,53.19248581
3/5/17,139.0623169,779.6606445,32.6155014,34.55604935,52.67089462
4/5/17,139.4305115,768.3132324,32.86065674,34.43457031,52.61294556
5/5/17,135.9239197,807.0834351,32.85084915,34.4065361,52.11067963
8/5/17,135.4636078,804.2466431,32.59589386,34.14488983,52.44873428
9/5/17,134.6492157,841.5984497,33.06659317,33.98603058,53.01863098
10/5/17,133.8879395,826.9414063,33.22348785,33.64962769,52.69988251
11/5/17,133.3568115,824.1046143,33.45883942,33.3506012,52.39078903
12/5/17,133.1089478,816.5396729,33.40980911,33.20109558,52.35215378
15/5/17,134.118103,807.5562134,33.51767349,33.29454041,51.93680954
16/5/17,136.0389862,817.9580078,34.13546371,33.47208405,50.98056412
17/5/17,133.6046753,796.6817627,32.92930984,32.74321365,50.03396988
18/5/17,133.4719086,804.2466431,33.07639694,32.9114151,49.91806793
19/5/17,134.5341492,804.7194214,33.17446518,33.07961273,50.00500107
22/5/17,135.1183624,807.0834351,33.20388412,33.42536163,49.81182098
23/5/17,134.5783997,815.1212158,33.9393425,33.50946426,50.42034149
24/5/17,135.0033112,808.0290527,34.14527512,33.75242615,50.23681641
25/5/17,135.6141052,805.1922607,34.53752518,33.88324356,50.56521988
26/5/17,134.9855957,825.5229492,34.22372437,33.88324356,50.79704666
30/5/17,134.3128052,821.2677002,33.94915009,33.80848694,51.11578369
31/5/17,135.1095581,820.3221436,33.63535309,33.74307632,51.18340683
1/6/17,135.1449432,837.3432007,34.11585999,33.75242615,50.68910599
2/6/17,134.5961151,843.0169067,34.63558578,33.93931198,51.3481636
5/6/17,134.9147949,845.8537598,34.86113358,33.958004,51.37724304
6/6/17,134.879364,845.3809204,34.78268051,33.76176834,50.86357117
7/6/17,133.648941,839.7073364,35.07686615,33.88324356,51.59046173
8/6/17,134.6403503,839.7073364,35.43969727,34.08882904,51.56139374
9/6/17,136.4107971,859.0923462,34.2629509,33.36929703,51.81338882
12/6/17,137.366806,843.4896851,33.48826218,33.38798523,52.36582184
13/6/17,136.5435791,843.0169067,33.79225159,33.52815247,52.63720322
14/6/17,136.154068,847.2720947,33.83147812,33.20109558,52.97642136
15/6/17,136.5170135,846.3264771,33.42942047,32.99551392,51.2706337
16/6/17,137.5438538,858.1467285,33.30194092,32.90206909,49.52606964
19/6/17,137.0658569,874.222168,34.22372437,33.18240738,50.41773605
20/6/17,137.1632233,875.1679077,34.25314713,32.57500839,49.97190475
21/6/17,136.1363678,881.7871704,34.28256989,32.31336594,50.97018051
22/6/17,136.6763458,879.8959351,34.43946457,32.10778809,50.78603363
23/6/17,136.4196472,890.7704468,34.88074112,31.94892502,51.22216797
26/6/17,137.4110718,879.8202515,34.41004562,31.83678818,51.63892365
27/6/17,136.9861603,877.7409058,34.23353195,31.44432449,51.3190918
28/6/17,137.4907532,860.5108032,34.62578201,31.95827866,51.716465
29/6/17,136.4373627,847.7449951,33.84127808,31.34153366,51.53231812
30/6/17,136.1717834,842.5440674,34.24333954,31.52842331,57.1827507
3/7/17,137.7208862,847.7449951,33.92953491,31.26677513,56.84352112
5/7/17,136.0301361,859.0923462,34.04721451,32.08909988,55.78710556
6/7/17,134.8705597,865.7116699,33.37058258,31.4256382,55.39942169
7/7/17,135.3839569,885.5696411,33.56670761,31.65924454,56.19416428
10/7/17,135.8088226,881.3143921,34.36101532,31.44432449,56.92106628
11/7/17,135.6052551,872.3309937,34.50810242,31.69662666,56.38800812
12/7/17,136.0567169,878.9503784,35.33182526,32.00499725,56.42677307
13/7/17,135.9947662,875.640686,35.79272079,31.99564934,56.15539551
14/7/17,136.534729,864.7660522,36.36148834,32.40681458,56.21355057
17/7/17,135.4459076,866.1843872,36.33206177,32.21057129,56.01002121
18/7/17,136.3222656,866.1843872,36.08690643,32.26663971,55.87432861
19/7/17,130.5949402,873.7493896,36.36148834,32.29467773,55.9906311
20/7/17,130.7100372,866.6572266,36.45954514,32.47221756,57.27967072
21/7/17,130.1966095,871.8581543,35.9005928,32.45352936,58.10348511
24/7/17,129.2317657,874.6950073,35.67504883,32.23860931,57.13428879
25/7/17,129.4087982,874.6950073,35.61621094,32.39746094,57.56073761
26/7/17,128.674057,870.9125366,36.322258,32.47221756,56.56245804
27/7/17,128.4173889,880.8415527,35.4691124,32.67779922,56.3589325
28/7/17,127.7268677,878.477478,35.24357224,32.99551392,56.86290741
31/7/17,128.0632629,839.7073364,35.03764725,33.14502716,57.2312088
1/8/17,128.6209564,925.7583618,35.21415329,33.96734238,57.99687576
2/8/17,127.8685074,891.7161255,35.20434952,34.23833466,57.94841385
3/8/17,128.3022766,903.0635376,35.01802826,34.35413742,58.28763199
4/8/17,128.4970245,909.6828003,34.92977142,34.17526627,57.91933441
7/8/17,127.0009995,904.9547729,35.41027832,34.29765701,57.94841385
8/8/17,127.1262589,898.3355103,35.65544128,34.27882004,57.628582
9/8/17,126.8221054,889.3521118,35.38085938,34.44828033,58.05503082
10/8/17,126.8846893,869.0213623,34.31198502,34.02462769,57.25059128
11/8/17,126.8846893,860.5108032,34.37081909,33.77043152,57.15367508
14/8/17,127.3141251,854.3643188,34.51791763,34.21292114,57.93872452
15/8/17,127.0904922,860.5108032,34.56694412,33.89281845,56.75629807
16/8/17,127.4751358,863.3476563,34.67481232,33.7139473,56.7369194
17/8/17,125.8649063,861.9291992,34.17469025,33.1114006,55.69017792
18/8/17,124.9703751,852.0002441,34.10604858,32.96076584,53.25749207
21/8/17,125.5339127,852.9458008,33.57652283,32.87603378,51.95876312
22/8/17,126.1422195,867.130188,34.13546371,32.62183762,52.46275711
23/8/17,127.1530762,867.130188,34.21391678,32.63124847,51.95876312
24/8/17,127.8687363,860.5108032,34.20412064,32.67831802,52.18168259
25/8/17,128.5843811,857.2011108,34.00798798,32.64066315,52.23983765
28/8/17,127.4840775,,34.13546371,32.62183762,52.07506943
29/8/17,128.0476532,848.2177734,34.51791763,32.69715118,51.10586548
30/8/17,127.5288239,860.0379639,34.9984169,32.84779358,50.94111252
31/8/17,127.9492493,864.293335,35.42989349,33.01725388,51.35929108
1/9/17,128.8885345,869.9669189,35.64562607,33.03608704,51.89418411
5/9/17,127.9582062,851.5274048,35.39066315,32.97018433,51.55379105
6/9/17,128.6559601,843.4896851,36.0476799,33.66686249,51.31066513
7/9/17,127.8329468,835.9247437,37.27345657,33.45973969,50.95081711
8/9/17,127.4304199,843.4896851,37.05772781,33.13022232,50.76604843
11/9/17,129.5862732,852.9458008,37.35191345,33.67628098,51.57324982
12/9/17,130.3913727,851.0546265,37.44017029,33.97755051,51.9330864
13/9/17,130.597168,853.8914795,37.52842331,34.20350266,52.0497818
14/9/17,130.1945953,853.4187622,37.56764984,34.34472656,52.25402069
15/9/17,129.5505219,837.3432007,37.65590668,34.83428574,52.39016724
18/9/17,129.30896,841.1256714,37.64609528,34.83428574,52.03033829
19/9/17,129.1658478,847.7449951,37.84222412,35.05082703,51.86501312
20/9/17,130.4987488,851.5274048,37.79319,34.90018845,52.08869171
21/9/17,129.9441528,837.81604,37.50881195,35.02257919,51.72885132
22/9/17,129.8278351,843.4896851,37.54803848,35.00374603,51.77748108
25/9/17,130.4897766,835.4519043,37.04791641,34.9849205,51.76774979
26/9/17,131.1070557,825.9958496,37.11656189,35.27678299,52.22483826
27/9/17,130.3019562,814.6483765,37.31268692,35.34268188,51.2231369
28/9/17,130.3019562,835.9247437,36.99888992,35.61570358,51.18423462
29/9/17,129.7831116,838.7615967,37.71474075,35.85107422,50.42566299
2/10/17,131.1965179,853.8914795,37.97950745,36.754879,50.44511414
3/10/17,131.3038483,870.9125366,37.95989609,37.0749855,50.05611038
4/10/17,131.0355072,874.6950073,37.9108696,37.03731918,50.6493454
5/10/17,131.2501831,870.9125366,38.23447418,37.21619415,50.7466011
6/10/17,131.0355072,869.4940796,38.05796432,37.31034851,50.98000717
9/10/17,131.8495331,869.4940796,38.23447418,37.52688599,50.10473251
10/10/17,132.842514,862.4019775,38.08737946,37.32917404,50.11445236
11/10/17,132.0552979,861.4564819,37.56764984,36.99966049,49.62818909
12/10/17,131.5274963,870.4396973,37.35191345,36.89609909,49.4336853
13/10/17,131.5901184,863.3476563,37.60687256,37.34799957,49.57955551
16/10/17,131.3485718,857.6739502,37.03811264,37.43273544,49.95884323
17/10/17,131.0891724,858.1467285,36.76354218,37.46097946,50.57154083
18/10/17,142.7095184,879.4230957,37.23423386,37.89404678,50.86330414
19/10/17,143.9350739,876.5862427,36.56741714,37.74341583,51.24258423
20/10/17,144.9817047,875.640686,36.88121796,38.06351852,51.60242462
23/10/17,142.7274323,883.2055054,36.11632538,38.44010925,52.18594742
24/10/17,139.4443817,885.5696411,36.02807617,38.55308151,51.95253372
25/10/17,137.3153076,887.9336548,35.96923447,38.39302826,53.43078232
26/10/17,137.4047852,897.0562744,36.18497467,38.92966461,55.24941254
27/10/17,137.4763184,916.5368652,36.08690643,41.80113983,54.42276001
30/10/17,138.0846405,917.9622803,36.28303528,41.77289581,53.75171661
31/10/17,137.8162689,924.6141357,36.91063309,42.82734299,53.47940826
1/11/17,137.789444,912.2605591,36.81257248,43.97592545,53.55721283
2/11/17,137.1811371,917.0120239,36.67528152,44.34309769,53.60582733
3/11/17,135.5977478,928.4152222,36.77334595,43.62759018,54.17961884
6/11/17,134.9357605,932.2163086,36.64586258,44.22707367,54.50056458
7/11/17,135.391983,927.4649658,36.68509293,44.30283356,53.6350174
8/11/17,135.5887909,911.7854004,36.29283905,44.22707367,54.22825241
9/11/17,135.7966156,892.3049927,34.9984169,43.84825134,54.5880928
10/11/17,134.7666168,881.8519287,35.272995,43.16638184,54.54919434
13/11/17,134.0799408,861.8962402,35.1553154,43.32738495,54.37413406
14/11/17,134.5226898,859.5205688,34.53752518,43.43154907,54.44221497
15/11/17,132.9054108,861.8962402,34.61597443,43.05273438,55.07435989
16/11/17,134.7304688,852.3934326,34.92977142,43.23267365,55.65786743
17/11/17,134.5949402,844.7913208,34.89055252,42.26668549,57.56402206
20/11/17,135.9863434,852.3934326,34.84151459,42.25720978,57.62238312
21/11/17,137.2873688,846.6918335,35.26318359,42.5602684,57.75853348
22/11/17,137.1247559,844.7913208,35.24357224,42.28562927,57.44732666
24/11/17,137.1879883,842.4157104,35.14551163,42.38032913,57.69046021
27/11/17,137.3144836,838.614624,35.29260635,42.13410187,57.9919548
28/11/17,137.7572174,826.7362671,34.81209946,42.36138535,57.94332123
29/11/17,138.7329865,818.1837158,33.71380615,41.62268829,58.70189285
30/11/17,139.1124573,814.3826294,33.99818039,42.46556091,58.76023483
1/12/17,139.8262329,796.3274536,34.51791763,42.31403351,58.42848206
4/12/17,141.3622284,798.703125,35.00822449,42.13410187,58.64314651
5/12/17,140.359314,802.9793701,36.09671402,41.13969803,58.95539093
6/12/17,139.2299194,798.703125,36.11632538,41.14916992,58.27236557
7/12/17,138.7510834,801.5540161,36.13594055,40.79875946,59.13103104
8/12/17,139.8713989,796.8026123,36.92044449,41.05446625,59.81406021
11/12/17,140.4134979,788.7253418,36.79295731,41.34804916,60.40927124
12/12/17,141.6151733,794.427002,36.71450424,41.03552628,60.66297531
13/12/17,139.0582581,795.852417,36.67528152,41.04499817,62.74134827
14/12/17,139.1395874,782.0734253,36.87140274,40.96922684,62.96575928
15/12/17,137.784317,789.6756592,37.62648392,42.20038986,63.21945953
18/12/17,138.5342407,812.9572754,37.44017029,43.81036758,63.23897171
19/12/17,138.4438782,819.1339722,37.06753159,44.54907227,62.68280029
20/12/17,138.1908875,811.5318604,37.19501114,45.04152679,62.04854965
21/12/17,136.8808289,810.581604,37.07733917,44.28388977,63.19994354
22/12/17,137.784317,816.7583618,37.02830505,44.22707367,61.75582504
26/12/17,138.0824738,,37.20481873,43.63990402,62.10710144
27/12/17,138.3535461,807.2556152,36.88121796,43.66831207,61.42406464
28/12/17,139.1757202,804.4047852,37.18520355,43.77248764,61.42406464
29/12/17,138.6155396,804.8800049,37.0086937,43.71566391,61.03376007
2/1/18,139.3654633,800.508667,37.32249069,44.36912155,61.9509697
3/1/18,143.1963348,808.8710938,38.46001816,42.86332703,61.94121552
4/1/18,146.0965729,816.4732666,37.82260895,42.07727432,61.90218735
5/1/18,146.8103333,821.0345459,38.92090988,42.37085724,62.42910004
8/1/18,147.6957703,825.4057617,39.02877426,42.37085724,62.9852829
9/1/18,148.0210266,823.6953125,38.76400757,41.31016541,62.53642654
10/1/18,148.3372498,797.277771,36.96947479,40.24947739,62.6632843
11/1/18,148.3553467,805.0700073,37.07733917,41.11128235,62.73158646
12/1/18,147.3975983,817.9937134,37.28326797,40.95028687,63.10237122
16/1/18,148.0391083,811.1517334,36.9498558,40.85558701,61.88266754
17/1/18,152.3759003,855.2443237,37.25385284,42.03939438,62.26321411
18/1/18,152.8005371,839.4699097,37.98931503,42.12462997,62.55595016
19/1/18,146.701889,848.4024048,37.68532562,42.44662476,65.58081055
22/1/18,146.909729,832.0576782,38.81304169,43.32738495,64.78068542
23/1/18,150.2075043,833.197998,38.99936295,43.62096024,65.51248932
24/1/18,149.4124146,818.7539063,39.04838943,43.10007858,66.35164642
25/1/18,149.5027618,802.0291138,39.24451447,42.90121078,66.06867981
26/1/18,151.1923218,813.2423096,40.09765625,47.42809296,66.39068604
29/1/18,150.704422,819.1339722,40.00939941,47.33338547,65.94182587
30/1/18,147.8312683,816.6633301,39.61715317,46.2063942,65.69789124
31/1/18,147.9035492,828.6367188,39.79365921,45.5908165,66.56632233
1/2/18,146.7290192,828.6367188,45.29494858,45.12677002,66.01013947
2/2/18,143.6841888,821.9848022,43.4415741,43.70619583,65.59056091
5/2/18,137.8114319,798.2280273,41.5489769,42.1625061,62.82915497
6/2/18,140.3502502,779.2226563,41.9608345,42.82040405,63.63904572
7/2/18,139.0040588,787.2049561,41.50975418,43.09691238,64.03909302
8/2/18,134.661026,783.973938,40.22513962,40.76091003,60.97521591
9/2/18,136.4128571,773.5209961,40.85273743,41.90507126,63.90250397
12/2/18,138.1372681,784.354187,41.49994278,42.74412537,64.38061523
13/2/18,137.54422,786.0645752,41.33324051,42.39134216,64.27328491
14/2/18,141.2029419,779.7928467,41.61761475,43.26853561,66.31262207
15/2/18,142.3434448,798.4180908,42.17657471,43.78340912,66.63462067
16/2/18,142.4985352,790.815918,42.50017929,43.44016266,66.64438629
20/2/18,141.5678864,798.7980957,42.54921341,44.16479874,65.85401154
21/2/18,140.4730225,801.8389893,42.28443909,43.80248642,65.42468262
22/2/18,139.761322,797.8479614,42.00006485,43.6689949,65.50273895
23/2/18,141.8963623,795.1871338,42.83359146,45.50919342,66.50777435
26/2/18,144.688324,807.5406494,42.98068237,46.8249855,67.96165466
27/2/18,142.8361359,810.0114136,42.31386566,47.58776474,66.38092804
28/2/18,142.1791992,797.8479614,42.0294838,46.99661255,65.405159
1/3/18,140.3361359,786.8248291,41.45091629,45.61408234,64.71237946
2/3/18,140.956604,776.7520142,42.11773682,46.70103455,64.48725891
5/3/18,143.2010651,778.6524048,42.35308456,47.43520737,63.6651535
6/3/18,142.0788269,787.7750244,42.30405426,48.35054016,63.85110855
7/3/18,144.4511108,878.0507813,43.0787468,48.93215561,62.80388641
8/3/18,142.5259247,875.9602051,42.83359146,48.37914276,63.72388077
9/3/18,145.3543396,879.7613525,42.96107483,49.76167297,64.8885498
12/3/18,146.2211304,865.6973267,43.04933167,49.12285233,65.3974762
13/3/18,145.3634644,858.4753418,41.99025345,49.37075043,64.76130676
14/3/18,144.2686157,858.0951538,42.00006485,49.44703293,64.79066467
15/3/18,145.628067,864.3668823,41.76471329,48.51263428,64.97663879
16/3/18,146.2211304,856.7647705,41.63723373,48.78913498,64.5068512
19/3/18,143.5660553,848.0222778,41.27440262,48.46496201,64.31109619
20/3/18,142.5167694,858.4753418,41.14691925,49.15145493,65.37789917
21/3/18,142.9638672,847.8322144,40.8625412,49.16099167,64.93747711
22/3/18,138.7668152,837.7592773,39.79365921,48.46496201,63.04856491
23/3/18,135.8471527,818.3738403,38.94051743,47.06335449,63.25409317
26/3/18,139.9346924,824.4555054,40.2153244,50.03818512,64.49707031
27/3/18,138.6025848,830.9174194,39.4406395,48.80820084,64.76130676
28/3/18,139.1591644,829.3969116,39.3327713,47.29218292,64.04686737
29/3/18,139.9894409,828.2566528,39.46025467,49.65680313,65.0255661
2/4/18,136.9237823,,38.59730148,46.64382172,62.75495529
3/4/18,136.7230682,812.1019897,38.84245682,47.43520737,65.28002167
4/4/18,140.6190033,796.3274536,39.01896667,47.66404343,66.96342468
5/4/18,140.5368805,821.6046753,39.25431824,48.03590012,68.10848999
6/4/18,137.3800049,824.8356323,38.33253098,46.51987076,66.11192322
9/4/18,139.31427,835.0985718,38.12660599,47.24451065,65.74980927
10/4/18,141.7777557,842.7007446,38.82284927,48.88448715,65.57363892
11/4/18,141.7503662,841.5604248,39.05819702,48.72239304,65.40726471
12/4/18,144.2229919,837.3792725,39.74462891,50.26701736,66.32725525
13/4/18,142.982132,823.6953125,39.12683868,49.44703293,65.81832886
16/4/18,144.0587616,834.1483154,39.41121674,49.96190643,65.63235474
17/4/18,146.814209,817.8035889,39.82308197,51.04885864,66.07279205
18/4/18,135.7559052,826.5460815,40.94099426,51.1156044,64.79066467
19/4/18,134.7613983,833.197998,41.29401398,49.7902832,64.33068848
20/4/18,132.2066803,823.1251831,41.38227081,49.13238525,64.68300629
23/4/18,133.0825806,810.0114136,40.79389954,48.72239304,65.45619965
24/4/18,132.8088684,810.581604,40.3820343,49.05610657,65.54427338
25/4/18,133.1555939,800.6987915,40.17610931,48.98936462,65.25067139
26/4/18,133.867218,807.3113403,37.93048096,50.58166122,66.60129547
27/4/18,133.6482849,804.4362793,37.48920059,50.27655029,68.07913971
30/4/18,132.2614288,805.0112915,37.14598465,49.21820068,66.93405914
1/5/18,132.2979126,804.0529785,37.09695053,50.84864044,66.65023041
2/5/18,129.9713135,801.9445801,36.45954514,49.87609482,66.8068161
3/5/18,129.5516052,795.4278564,36.91063309,49.84749222,65.47577667
4/5/18,131.3033752,800.9862061,37.26365662,50.61467361,66.65023041
7/5/18,130.6738281,,37.06753159,51.14211273,67.86383057
8/5/18,130.4731293,807.8863525,37.36171341,51.42979813,67.00255585
9/5/18,131.5617065,795.4278564,37.48920059,52.11066818,66.50341034
10/5/18,133.0654144,790.2527466,37.75396729,52.7244072,66.47406006
11/5/18,132.9731598,801.1779785,37.51861954,52.42712784,66.97319794
14/5/18,133.1207733,791.2111206,37.64609528,52.64768982,67.37445831
15/5/18,132.6041718,805.7780151,37.34210587,51.707901,68.02041626
16/5/18,133.4252167,805.0112915,37.60687256,52.39836121,69.82124329
17/5/18,133.3052673,804.6279907,37.65590668,52.56138611,69.42977142
18/5/18,132.9178162,821.494873,37.57745361,51.30513,69.80167389
21/5/18,134.2185974,826.0949097,37.54803848,52.09148407,69.86039734
22/5/18,133.8495636,828.9699707,37.03811264,52.21615219,69.79188538
23/5/18,133.4621124,816.3197632,37.30288315,52.94497681,69.82124329
24/5/18,132.9085999,814.0197754,37.05772781,52.50384903,70.64336395
25/5/18,132.5119019,808.2697754,37.20481873,53.16553879,70.71187592
29/5/18,130.2793884,792.5528564,36.80276489,53.05046082,69.4101944
30/5/18,131.5709229,787.7610474,37.11656189,53.39569855,70.69230652
31/5/18,130.3624115,790.2527466,36.98908234,52.93538666,70.27146149
1/6/18,130.9528198,802.1362915,37.5970726,54.73826218,71.40992737
4/6/18,131.958374,804.2446289,38.31292343,54.49851608,72.46006775
5/6/18,132.5672302,798.3028564,39.26412201,54.21081924,72.67599487
6/6/18,133.4990082,794.4694824,39.17586517,54.69031143,73.36299896
7/6/18,134.0986633,799.8361816,39.66618347,53.58749008,73.37283325
8/6/18,134.818222,800.6029053,39.50928116,52.79154205,73.51022339
11/6/18,135.2241516,798.1112061,39.70541,52.28327942,73.20597839
12/6/18,135.4916382,806.3530273,39.66618347,52.57097626,72.9115448
13/6/18,135.0119629,794.0861206,38.56788254,52.77236176,72.73487854
14/6/18,133.9510345,846.0285034,38.24427795,53.26144028,73.31393433
15/6/18,134.1263123,910.4295044,38.13640976,52.84907913,74.4327774
18/6/18,133.2868195,888.770874,38.10699081,51.03661728,74.20705414
19/6/18,132.7517548,878.4207153,38.42078781,50.7585144,72.8821106
20/6/18,131.5801544,888.5792236,38.49923706,51.26676941,73.33355713
21/6/18,130.3070374,887.4291382,37.27345657,50.04887009,72.56804657
22/6/18,130.3347321,901.0377197,37.35191345,50.34615707,72.06749725
25/6/18,128.0376434,877.8456421,36.39089966,48.62958908,71.00754547
26/6/18,128.3051453,891.2625122,36.35167694,47.63225555,71.21363068
27/6/18,126.8291168,921.1629028,35.59659958,46.75958633,70.02610016
28/6/18,129.1907654,919.6295776,35.43969727,47.22948456,70.36959076
29/6/18,128.8771515,947.038269,35.55737305,47.67062378,78.20153046
2/7/18,129.0247498,934.3881226,35.95942307,48.14051819,76.89619446
3/7/18,128.7572021,937.8381958,35.93000412,47.44046783,74.86460876
5/7/18,130.473114,944.5465698,36.31245422,48.66794586,75.12960052
6/7/18,131.4417725,944.5465698,36.66547394,49.26251602,75.06092072
9/7/18,133.2038116,947.9966431,37.17539978,49.73241806,75.84605408
10/7/18,133.4990082,952.7883911,36.322258,50.02009964,76.13067627
11/7/18,133.7111816,940.329834,36.26342392,49.0994873,75.92456818
12/7/18,135.1042023,949.7216797,36.82237244,50.20230865,75.93438721
13/7/18,134.5968018,949.5300293,36.88121796,50.07764435,75.94421387
16/7/18,134.1909027,938.725647,36.99888992,49.87625885,76.30732727
17/7/18,132.3735046,941.8632202,37.07733917,49.62692642,76.03253937
18/7/18,133.3237305,946.6549683,37.21462631,49.59815216,75.16885376
19/7/18,137.6780701,953.5551147,33.44903183,49.84749222,75.52217865
20/7/18,135.0119629,948.7633667,33.53728867,49.78036499,75.53200531
23/7/18,134.4122925,941.8632202,33.13523483,50.16394806,75.16885376
24/7/18,135.0396118,947.2301025,32.87046814,50.03928375,74.12852478
25/7/18,135.2610168,948.3800049,33.23329544,50.27902603,75.72829437
26/7/18,135.3440704,953.5551147,33.76283264,50.02009964,76.69991302
27/7/18,133.9049072,952.5967407,33.15485001,45.72389984,75.46329498
30/7/18,134.2185974,948.9550171,33.01755905,45.73348999,74.55056
31/7/18,133.7019806,949.7216797,32.80182648,46.12666321,75.48292542
1/8/18,132.3827515,946.6549683,32.44879913,46.80754089,76.10123444
2/8/18,131.8845825,1013.93103,32.5762825,47.45005417,77.19064331
3/8/18,136.25737,1048.431519,33.00775528,47.59389877,77.27896881
6/8/18,134.7167358,1036.452026,33.33135986,47.56495667,78.03469086
7/8/18,135.6208191,1038.368774,33.12543106,47.95087814,79.03575897
8/8/18,135.5101318,1043.639648,33.18426514,48.20172501,79.00631714
9/8/18,134.9972687,1038.848022,33.48826218,48.37539291,79.7522049
10/8/18,134.7268219,1000.514099,33.42942047,47.1307869,79.23204041
13/8/18,133.0763092,993.8056641,33.22348785,46.74486542,78.66281891
14/8/18,133.6824188,990.451355,33.73341751,46.42647934,78.65299225
15/8/18,134.195282,963.1385498,33.20388412,45.78971481,78.09356689
16/8/18,135.5287628,972.7220459,33.11562729,45.50991821,78.56465912
17/8/18,136.2001801,980.867981,33.35097122,45.44238281,78.27023315
20/8/18,136.6197815,986.618042,33.36077499,44.86349487,80.65513611
21/8/18,136.1162415,980.867981,33.86089706,45.94407654,81.41085052
22/8/18,135.4355316,973.6803589,34.02760315,45.39414215,81.1065979
23/8/18,135.5567322,965.0552368,33.73341751,45.32660294,81.37159729
24/8/18,136.1815033,967.9302368,33.86089706,45.98266983,80.92012024
27/8/18,136.7876282,,33.90992737,46.64838409,81.11643219
28/8/18,136.6943817,968.8886108,34.06682587,46.86064911,81.04771423
29/8/18,137.5802307,973.6803589,34.25314713,47.0343132,81.25382233
30/8/18,136.078949,974.1594849,34.12566376,46.54226303,79.88961029
31/8/18,136.5917969,963.1385498,33.9393425,46.72557449,80.87347412
4/9/18,135.8457947,958.3468018,34.12566376,46.27210999,78.31543732
5/9/18,136.7596588,926.3379517,33.46864319,46.04056168,78.63027954
6/9/18,136.5078888,933.621521,33.00775528,45.59675217,79.10251617
7/9/18,135.6313477,929.5963745,33.33135986,44.81525421,79.00414276
10/9/18,135.8178406,932.6630859,33.05678558,44.67053223,80.77509308
11/9/18,136.60112,934.3881226,33.44903183,43.34875107,81.29653931
12/9/18,136.6757507,924.2296143,33.59612274,43.34875107,81.66056061
13/9/18,138.8950653,915.2211914,33.77264023,43.96622467,82.12298584
14/9/18,138.3169098,940.329834,33.43922424,43.93728638,82.14265442
17/9/18,137.9532471,941.8632202,33.53728867,43.8215065,81.91637421
18/9/18,138.5314178,937.6465454,33.45883942,44.47756958,83.88410187
19/9/18,138.9976501,946.8466187,33.55690002,44.52581406,83.06748962
20/9/18,140.9465637,954.130127,33.57652283,45.53886414,83.9923172
21/9/18,141.1330719,950.8717041,33.38039017,45.01786804,84.16941071
24/9/18,139.9021606,955.8551025,33.06659317,45.25907135,82.91007233
25/9/18,138.8578033,948.3800049,32.12519073,44.29426575,83.42167664
26/9/18,141.3755035,949.1466675,32.92930984,44.09165573,82.34926605
27/9/18,141.272934,925.7630615,32.69395447,44.26531982,83.17572021
28/9/18,141.002533,946.2716675,32.38015747,45.62569427,83.35282135
1/10/18,142.6716766,942.6298218,31.88003731,44.81525421,83.09700012
2/10/18,143.371048,942.8215942,31.92907143,46.4071846,81.4342804
3/10/18,142.8768005,942.246582,32.11539078,47.04395676,81.16864777
4/10/18,141.0957489,928.0630493,31.997715,46.43613052,78.88607788
5/10/18,138.9696655,920.2046509,31.61527061,45.37483978,78.82704926
8/10/18,138.3728485,883.5957642,31.94868469,45.37483978,78.93527985
9/10/18,137.3005066,891.0708618,32.63512039,44.91173553,79.12220764
10/10/18,133.0576477,849.2869263,31.05631447,43.22332382,73.7306366
11/10/18,129.6353912,835.295105,30.79154587,42.67338562,73.30757141
12/10/18,131.3418579,839.3201294,31.10534477,43.30051041,74.6849823
15/10/18,131.6029816,830.5032959,31.24263573,42.96282578,73.77983093
16/10/18,135.3236084,860.4037476,31.62507629,44.32320404,76.2296524
17/10/18,125.0009003,855.0370483,31.39953423,44.27497101,75.24578857
18/10/18,121.7371674,837.0200806,30.93863869,43.38734436,74.37999725
19/10/18,120.3850632,835.6784058,28.1928978,42.45147705,73.01241302
22/10/18,121.2429504,824.5615845,27.93793678,43.42593384,73.69129181
23/10/18,122.3526306,806.3530273,27.64374924,42.93387985,72.16629791
24/10/18,118.6226349,805.0112915,26.76118851,40.92708588,70.95614624
25/10/18,117.9139481,840.2799072,27.51626778,42.75057602,71.92033386
26/10/18,116.3659973,823.8982544,26.81022072,44.08200455,70.9069519
29/10/18,111.563652,801.1567993,26.30029488,43.80221558,71.02502441
30/10/18,107.6098785,790.1715088,26.88866806,46.07915115,73.30757141
31/10/18,107.6378555,808.4803467,28.46747208,45.23012161,73.82902527
1/11/18,108.9433441,807.3239746,28.94797897,46.52296448,75.55078125
2/11/18,107.8616409,803.6622925,29.29119492,45.45203018,75.34417725
5/11/18,111.9552917,793.0623779,29.06565285,46.28176498,76.27883911
6/11/18,114.8087387,798.2659912,29.36964607,45.87399292,75.3343277
7/11/18,116.4126205,807.9022217,29.28139114,47.30118561,76.71173859
8/11/18,116.5165024,803.0840454,29.26177597,47.56331635,76.52481079
9/11/18,116.6676025,784.7752686,29.05584335,46.70895004,75.12772369
12/11/18,114.174469,790.5569458,28.3988266,45.29146957,73.88806152
13/11/18,114.1177902,791.3278809,27.55549431,46.0099144,73.98643494
14/11/18,113.5134048,778.6080933,27.34956169,45.71865082,73.98643494
15/11/18,114.684433,780.1498413,27.62413597,46.70895004,73.13047791
16/11/18,114.8071976,774.9462891,27.57510376,47.40798187,73.53386688
19/11/18,113.6172867,767.8154297,27.41820526,46.60214996,71.34968567
20/11/18,110.6802902,756.4446411,27.61432838,46.0099144,69.97229004
21/11/18,111.9740829,784.7752686,27.79084396,45.66039658,71.20211792
23/11/18,110.6708527,782.8480225,27.88890457,45.18466949,70.33630371
26/11/18,112.9090042,809.0585327,28.2419281,46.06817245,71.53662872
27/11/18,113.3528595,805.5894775,28.18309212,46.67011261,70.92663574
28/11/18,116.1576462,801.1567993,29.18332672,47.43710327,73.45516205
29/11/18,114.7221985,816.7675171,28.94797897,46.3108902,73.14031982
30/11/18,117.3569946,818.6947632,29.27158356,47.87400436,74.12711334
3/12/18,118.3391495,850.8798218,29.61480141,48.67012787,76.90982819
4/12/18,114.8355255,825.8255615,28.69301605,46.35943222,74.78825378
6/12/18,117.0170288,766.2736816,28.89894485,46.96137619,74.54155731
7/12/18,112.7012482,759.7210693,28.49689102,44.89340591,72.37062836
10/12/18,114.3916626,731.5831299,28.41843987,45.83515549,71.5515976
11/12/18,114.1650162,752.3973999,28.48708344,46.00020981,72.59759521
12/12/18,114.4200058,786.3170166,28.47727776,46.4371109,73.337677
13/12/18,114.0139313,788.2442627,28.4576664,46.88371277,71.96604156
14/12/18,113.2300949,779.1861572,28.3497982,46.4662323,71.57132721
17/12/18,109.6414795,778.4152832,27.92812729,45.70895004,68.97610474
18/12/18,110.1608887,781.6916504,27.94774055,46.34972382,70.2095871
19/12/18,109.9531326,790.7496338,27.75161934,44.24291611,68.05838776
20/12/18,106.732811,774.560791,27.44762421,44.21379089,66.63742065
21/12/18,104.7685318,780.5352783,26.06494522,43.53417587,71.41345215
24/12/18,101.5859909,771.8626709,25.63347054,42.32057571,67.19988251
26/12/18,105.1934967,,27.31033707,44.84486008,72.04499054
27/12/18,107.4505386,779.3789673,27.48685074,45.0099144,72.69626617
28/12/18,106.7422638,787.8588257,27.69277954,45.38855362,72.37062836
31/12/18,107.3466568,799.8078003,27.52607346,45.56330872,73.16005707
2/1/19,108.8009872,779.9570923,28.29096031,45.70895004,73.08111572
3/1/19,106.6289368,759.5282593,27.7712307,43.19437408,71.78843689
4/1/19,110.7936172,795.760498,28.40863609,45.84486771,73.66331482
7/1/19,111.577446,780.1498413,28.89894485,46.05846024,74.71916962
8/1/19,113.1639786,819.0802002,29.41867638,46.34972382,75.71582794
9/1/19,113.9761505,833.3418579,29.70305634,46.61185837,75.57767487
10/1/19,115.0149536,828.5236816,29.97763062,47.14584732,75.40991974
11/1/19,114.7033157,839.3163452,29.82073021,47.50506973,75.03494263
14/1/19,113.6928406,831.9927368,29.62460518,46.94195938,75.08428192
15/1/19,114.9582977,853.7706909,30.07569313,47.18467712,76.85062408
16/1/19,114.8544159,853.7706909,29.70305634,46.72836685,76.65326691
17/1/19,115.3927078,832.5709229,29.79130936,47.05846405,78.08410645
18/1/19,116.9320297,862.6360474,30.39929581,47.75749588,79.38665009
22/1/19,115.7043381,857.8179321,32.2624855,46.86428833,79.68268585
23/1/19,125.497467,841.6290894,31.97810173,46.54389572,79.43598938
24/1/19,125.1575012,841.2435913,32.01732635,48.31089401,79.37679291
25/1/19,126.517395,837.1963501,33.06659317,45.67011261,79.54453278
28/1/19,126.8007202,826.9819336,33.36077499,45.34971237,79.25836945
29/1/19,126.8573685,839.7017822,33.03717422,45.18466949,79.15969086
30/1/19,126.9045868,853.9634399,33.4196167,46.15555191,80.20568085
31/1/19,126.9423599,852.2288818,32.99795151,45.74777985,80.79775238
1/2/19,126.6401672,867.2614136,33.64516068,47.31089401,80.43264771
4/2/19,127.6695099,865.3341064,34.37081909,47.78662491,80.90628815
5/2/19,128.0095062,881.7157593,34.64539337,48.55361938,81.76480103
6/2/19,128.7366791,876.512146,34.79248047,48.75390625,81.61677551
7/2/19,127.2462921,869.9594727,34.56694412,48.09929276,81.3010025
8/2/19,127.7430954,868.8031616,34.57675171,47.71825409,81.27140808
11/2/19,128.0105896,881.1375732,34.90036011,47.6498642,82.57395935
12/2/19,129.9786682,880.3666382,35.48873138,48.86138153,83.59034729
13/2/19,131.3830719,907.3480835,35.55737305,49.31081772,84.2712326
14/2/19,130.3894653,914.2861938,35.61621094,49.64300537,83.56074524
15/2/19,131.8703003,936.0641479,35.87117004,50.47348022,84.2514801
19/2/19,132.5103912,939.3404541,36.33206177,50.21945572,83.45220184
20/2/19,131.8416443,952.4458008,36.02807617,50.20968628,83.71862793
21/2/19,131.688797,945.8931274,36.26342392,50.22922897,82.84039307
22/2/19,133.0358582,946.0858154,36.76354218,51.28442383,83.63968658
25/2/19,133.2364807,942.0386353,36.61643982,51.88041306,84.04426575
26/2/19,133.4848785,940.4968262,36.65567017,52.00742722,84.66594696
27/2/19,132.9594269,947.0494385,36.8517952,52.01719666,85.03105164
28/2/19,131.9658508,920.2606812,36.56635284,51.74362183,84.59686279
1/3/19,132.9880676,872.0795288,36.76320648,52.07581711,86.22925568
4/3/19,132.2524414,862.6360474,36.66477966,52.70111465,84.72547913
5/3/19,131.7269897,879.7885132,36.53682327,52.44709015,84.52761841
6/3/19,130.8671417,867.2614136,36.23169327,51.7338562,84.22092438
7/3/19,129.319458,867.2614136,35.64112091,51.39189529,84.34954071
8/3/19,129.0614929,849.7235107,35.32614899,51.27465057,83.89444733
11/3/19,131.5645905,853.1925049,35.6804924,52.12466812,84.90355682
12/3/19,132.1091309,854.927063,35.71001816,52.33961487,84.51771545
13/3/19,132.3766327,856.854248,35.88719177,53.12123871,85.01238251
14/3/19,132.5963745,865.9122925,35.77891922,52.21259689,85.94234467
15/3/19,133.2078247,864.9486694,35.72970581,53.08215714,85.87309265
18/3/19,133.9530182,875.355896,35.70018005,52.85744095,86.88219452
19/3/19,134.2205353,885.3775024,36.2907486,52.92583084,86.75359344
20/3/19,133.3702393,887.8829956,36.12342453,52.58387375,85.76426697
21/3/19,135.1281281,891.3520508,36.61556625,53.38504028,87.07016754
22/3/19,133.2269287,871.1159058,36.07420731,52.03673553,81.31232452
25/3/19,132.9689789,862.4432983,36.14310455,51.56776047,81.45082092
26/3/19,133.9625702,859.1669312,36.32028198,52.21259689,82.48960876
27/3/19,133.0263062,859.3596802,36.25137711,51.93903732,82.20270538
28/3/19,133.6759644,866.8759155,36.2021637,51.8901825,83.1425705
29/3/19,134.8033142,870.3450317,36.55650711,52.46663666,83.31074524
1/4/19,136.9051361,883.8357544,37.08802414,53.25802231,84.31985474
2/4/19,136.618515,874.0067749,37.32425308,53.11147308,83.46903992
3/4/19,137.2203827,876.897644,37.39315414,54.20574951,83.56797028
4/4/19,136.4083252,871.1159058,37.45220947,54.63563919,84.3693161
5/4/19,136.8860168,893.0864868,37.2455101,54.32299042,84.48803711
8/4/19,136.9911041,877.6685181,37.21598434,54.40115738,83.82519531
9/4/19,135.768219,866.1050415,37.1569252,54.04942322,83.37999725
10/4/19,136.637619,856.6615601,37.12739944,54.46954346,83.97358704
11/4/19,137.3636932,847.9888916,35.74939346,54.51839828,84.09230804
12/4/19,137.9082642,859.3596802,35.60174179,55.12415695,85.31906891
15/4/19,137.4783478,858.5888062,35.66080856,54.98737335,85.90277863
16/4/19,138.6630249,868.4177246,35.81829071,55.40749741,86.8624115
17/4/19,132.9021149,874.0067749,35.40489197,57.21500397,87.78248596
18/4/19,134.0676575,874.77771,35.41473389,57.14661407,88.24746704
22/4/19,132.691925,,35.58206558,57.46903229,86.42710876
23/4/19,134.1727448,881.9084473,36.09388733,57.42995071,86.49636841
24/4/19,133.7046051,888.6538696,37.91482925,57.37133026,87.44612122
25/4/19,132.4435272,900.2098999,37.51126862,56.28682709,86.62498474
26/4/19,133.2173767,889.527771,37.75734329,51.22579956,87.36697388
29/4/19,132.8447876,896.1312866,37.64907074,49.93611908,87.31751251
30/4/19,134.0103455,888.1682129,38.14121628,49.86772537,86.89209747
1/5/19,134.287384,889.3335571,37.20613861,49.59415436,84.98269653
2/5/19,133.3606873,894.7717896,36.99943924,49.38897705,84.35942841
3/5/19,133.9912415,907.2018433,37.67860031,50.56141663,84.78483582
6/5/19,134.1154327,,37.28488541,50.35007095,82.67758179
7/5/19,131.4977112,886.2260742,37.08802414,49.62263489,81.65858459
8/5/19,131.8416443,887.9740601,36.95022964,48.40369797,81.88612366
9/5/19,130.8362427,887.3913574,37.02896881,45.82819748,82.0938797
10/5/19,130.816925,892.0526733,36.79273605,45.41532898,83.0535202
13/5/19,127.0466919,871.8537598,35.30645752,43.99978256,81.6486969
14/5/19,128.8737946,881.3706055,36.22184753,44.40282059,82.77651215
15/5/19,129.9275208,889.527771,36.45807648,44.84518051,83.11289215
16/5/19,131.3582764,907.590271,36.6844635,44.75670624,83.37999725
17/5/19,129.8502045,909.9208984,36.32028198,44.12757492,83.66690826
20/5/19,130.6235657,913.9995117,35.98562241,42.82017136,81.96527863
21/5/19,131.9093018,891.4700317,36.00530624,43.70487976,82.7468338
22/5/19,131.8126526,892.8295898,35.73955154,43.25269699,82.3115387
23/5/19,127.9844055,864.2791748,35.38520432,43.77369308,81.75751495
24/5/19,127.878067,862.53125,35.56237793,43.81301498,81.28264618
28/5/19,126.1186523,848.9358521,35.65096664,42.8299942,80.33289337
29/5/19,125.3742676,839.0305786,35.53284454,43.47878647,78.027771
30/5/19,125.258255,845.2456665,35.94786072,43.97029495,78.41360474
31/5/19,122.7641068,835.1462402,35.50320435,43.29201508,76.52866364
3/6/19,124.0015182,842.3323364,35.19688416,42.72186661,77.34216309
4/6/19,128.2744446,853.5971069,36.10595703,44.0292778,80.97316742
5/6/19,127.1143799,857.4815063,36.12572098,43.79335403,82.0644455
6/6/19,127.8200684,868.1635742,36.37275314,44.33401489,81.79658508
7/6/19,128.8737946,883.1185913,37.06443024,45.24821854,82.74897766
10/6/19,130.2562103,874.1844482,37.66719055,46.00514221,81.92555237
11/6/19,131.4259491,875.932373,37.77588272,46.05429077,82.60016632
12/6/19,130.3818817,867.7751465,38.55649567,45.53328705,81.97515106
13/6/19,131.2422638,871.0769043,38.53673553,45.90683746,82.9473877
14/6/19,130.6525726,866.0271606,38.44780731,45.4054985,82.77873993
17/6/19,130.4592285,880.7879028,38.5466156,45.34652328,81.45927429
18/6/19,131.8416443,897.102356,39.19877625,46.56545639,83.63192749
19/6/19,132.5183411,882.147522,39.65331268,46.27055359,82.88787079
20/6/19,134.2294464,886.614502,39.44580841,46.38851166,84.56446838
21/6/19,134.5677795,856.510437,39.57426071,46.65392685,85.07042694
24/6/19,134.7128143,861.3659058,39.23830032,46.82104492,83.8303299
25/6/19,133.7557373,848.9358521,38.55649567,46.05429077,81.96524048
26/6/19,133.9104309,825.6293945,38.73435974,47.37152863,81.8957901
27/6/19,133.9104309,819.8028564,38.82329178,46.65392685,82.99699402
28/6/19,133.3110504,816.1126709,39.03079605,47.05696487,83.28469849
1/7/19,135.225174,832.6213989,39.4161644,47.23390961,84.73313141
2/7/19,135.5538483,833.0097656,39.60390854,47.3027153,84.28668213
3/7/19,136.8299255,848.3531494,39.42605209,47.69592667,85.51686859
5/7/19,136.6752625,838.8363647,39.32723236,47.26339722,86.13195038
8/7/19,135.8922119,828.5427246,39.07032013,47.0078125,87.77880096
9/7/19,134.6934662,830.2906494,39.46557236,46.93900299,87.34227753
10/7/19,135.7955322,821.1622925,39.53473663,47.39118958,86.74703979
11/7/19,136.5399323,819.2201538,39.12960815,47.77456665,87.59030151
12/7/19,137.9900055,822.3276978,39.58414459,49.07214737,88.41372681
15/7/19,138.550705,827.7658691,39.79165268,49.26874924,88.77087402
16/7/19,138.7537079,840.7785645,39.44580841,48.33488083,87.89784241
17/7/19,138.309021,844.8572388,38.56637573,48.55115128,86.80656433
18/7/19,144.6507111,831.2618408,39.29759216,49.0918045,86.74703979
19/7/19,144.6990356,838.2537231,39.73236084,49.41620255,85.8640976
22/7/19,144.7570496,841.7496948,40.18689728,50.47786331,85.28868866
23/7/19,145.3757782,851.8491821,40.54262161,50.87106705,86.01289368
24/7/19,145.0373993,848.5473633,40.54262161,52.02119446,86.01289368
25/7/19,145.3854218,842.914978,40.32523727,51.27410507,86.58830261
26/7/19,146.3231506,843.3034668,40.74024582,50.71378326,86.84625244
29/7/19,145.8591156,861.3659058,41.07620621,51.61815643,86.92562103
30/7/19,144.7860565,865.4445801,40.8884697,50.82191467,86.50893402
31/7/19,143.3069763,837.0883789,40.70072174,49.6914444,85.34820557
1/8/19,145.317749,832.427124,40.6117897,48.65927887,82.46128082
2/8/19,142.3499146,804.4594727,40.09796906,47.85321045,80.4969635
5/8/19,136.075882,791.4466553,38.34899521,46.17224884,78.34416962
6/8/19,136.046875,737.0650635,39.21854019,46.47409439,80.65570068
7/8/19,134.4807892,708.9031982,39.2481842,46.24647522,80.63585663
8/8/19,137.0336761,751.2431641,40.76000977,46.68192291,82.34222412
9/8/19,133.1505585,756.8755493,39.83117676,45.50423431,81.33030701
12/8/19,131.1845398,730.4616089,39.26794815,45.1281662,81.00292206
13/8/19,132.8179932,730.8500366,40.49321747,46.35533524,82.65969086
14/8/19,128.3773651,730.267395,39.16913223,45.3953743,80.38784027
15/8/19,129.0326996,731.821106,38.97151184,45.2271347,78.87989044
16/8/19,130.8324127,732.2095947,39.54462051,46.01885605,79.64378357
19/8/19,132.0844116,740.755249,39.91022491,46.74129868,80.48703766
20/8/19,130.0890503,746.776123,39.55450058,46.11782074,79.89179993
21/8/19,131.3116913,761.5368042,39.90034485,46.66213226,82.08428192
22/8/19,131.380188,739.395752,39.52485657,46.29595947,82.64976501
23/8/19,126.7341309,728.3251953,38.24029922,44.49479294,79.80252075
26/8/19,127.1449432,,38.93198776,45.0885849,81.59816742
27/8/19,128.2991028,726.9656372,38.53673553,45.31620026,81.3799057
28/8/19,129.8543091,723.4696655,39.6137886,45.31620026,82.81842041
29/8/19,131.9279175,732.4038086,40.0485611,46.38502502,84.70336151
30/8/19,132.5636902,748.9125366,39.94940567,46.91943741,84.04689789
3/9/19,131.1649933,742.8917236,39.40405655,46.49388885,84.21599579
4/9/19,133.3364105,746.776123,39.30490112,48.41381073,85.88697815
5/9/19,137.884613,753.7680054,40.45509338,49.58160782,87.9458847
6/9/19,137.4933777,764.2559204,40.02872849,50.39311981,88.21443939
9/9/19,139.4789429,763.6732788,41.05002594,51.05618668,88.19454193
10/9/19,141.8753204,790.8640747,39.92957687,51.28380966,86.3644104
11/9/19,140.4570618,807.9553833,39.56270599,52.24377441,86.28483582
12/9/19,140.4766235,805.2363281,39.94940567,52.46149445,87.1999054
13/9/19,140.525528,807.7611694,40.02872849,51.99636078,86.85178375
16/9/19,139.3615723,782.3182983,39.95932007,51.65987778,86.80204773
17/9/19,139.0876923,786.5911865,40.18737793,51.41246414,87.12033081
18/9/19,139.1072693,779.793457,40.0188179,51.20463943,87.60771179
19/9/19,139.8408508,786.3969727,40.05847931,51.03639603,87.22974396
20/9/19,138.774704,769.8882446,40.0188179,50.19519043,86.21521759
23/9/19,138.960556,752.6026611,39.89983368,50.37332916,87.21979523
24/9/19,138.579071,752.9911499,39.22558212,49.30450058,86.71253204
25/9/19,140.0266876,758.2350464,38.90828323,50.49208832,90.32306671
26/9/19,140.4081573,762.8963013,38.59098816,50.39311981,91.67577362
27/9/19,140.10495,769.1113892,38.04563522,50.25457001,91.81502533
30/9/19,142.2372284,769.4998779,38.65047836,50.9968071,93.41638947
1/10/19,140.5157471,752.9911499,38.21420288,50.23477554,91.78518677
2/10/19,138.5888519,718.6141968,37.84732819,48.87895203,90.99942017
3/10/19,138.9116516,701.1343994,37.62918854,49.5123291,91.72550964
4/10/19,139.8604126,708.9031982,37.98614502,50.39311981,92.57094574
7/10/19,138.1878357,710.8453979,37.5002861,50.09622192,92.67041016
8/10/19,135.3513184,705.4072266,37.00451279,49.21543503,91.25802612
9/10/19,136.6130829,710.4569092,37.5300293,49.95767212,92.02389526
10/10/19,138.0411224,712.7875366,37.60935593,50.58115768,92.50132751
11/10/19,139.635437,721.7217407,38.22411728,51.55101395,93.3766098
14/10/19,138.9311981,730.6558838,38.03572083,51.10567093,94.37123871
15/10/19,139.8701935,724.6350098,38.55132675,52.10522461,94.28173065
16/10/19,138.9996643,720.3621216,38.59098816,51.90729141,94.37123871
17/10/19,131.3214874,708.5147095,38.759552,51.32339859,95.04759216
18/10/19,131.1552124,691.0349121,38.49183273,50.82857132,95.58469391
21/10/19,129.6782532,685.9852295,38.92811203,51.59060287,95.70406342
22/10/19,131.0280609,703.8533936,38.61081696,51.4718399,95.08737946
23/10/19,131.438858,705.6014404,38.86862183,51.18484497,91.82496643
24/10/19,131.1356506,686.0556641,35.31888199,51.68956375,91.0093689
25/10/19,132.4756622,696.6103516,35.53702545,55.87579727,90.43247223
28/10/19,132.9940491,705.0150757,35.63618088,56.17269135,90.36284637
29/10/19,130.8911133,699.1513672,35.80474472,55.75703812,88.80126953
30/10/19,132.2898102,696.2194824,35.55685425,56.01434708,89.70639801
31/10/19,130.8030853,692.8966675,34.95201492,55.94507217,89.06982422
1/11/19,132.5636902,708.142334,34.95201492,55.92527771,88.70180511
4/11/19,134.6568451,719.4789429,35.11066055,57.01390076,89.37815857
5/11/19,134.8720398,751.5339355,35.18006516,56.95451736,89.3980484
6/11/19,135.7425537,758.7658691,35.19989777,57.31772995,89.00019836
7/11/19,136.2670746,761.8931274,34.59505463,57.76552582,89.91526794
8/11/19,136.1878967,759.1567383,34.8429451,57.98444748,89.32843018
11/11/19,134.0700226,722.8016357,34.95201492,58.06405258,89.5671463
12/11/19,134.1887817,727.1017456,34.77353287,57.91479111,89.0200882
13/11/19,133.0902405,719.2834473,34.34716797,57.60630798,90.80049896
14/11/19,132.6152039,713.0288086,34.66446304,57.52670288,90.78059387
15/11/19,133.0110779,716.5470581,34.97184372,57.67596436,92.54110718
18/11/19,132.9219971,712.0515137,34.80327606,57.9645462,93.67499542
19/11/19,133.129837,712.6378784,34.76361847,58.06405258,93.10804749
20/11/19,131.8234711,703.6468506,34.56531143,57.61626053,92.55106354
21/11/19,132.4568634,698.760437,34.64463043,57.93469238,91.66583252
22/11/19,132.9516907,716.5470581,34.82311249,57.3276825,92.8394928
25/11/19,134.5648499,725.1471558,35.54693985,58.52180099,92.4018631
26/11/19,133.6939392,724.1698608,35.44778442,58.61136246,92.82955933
27/11/19,132.3875885,699.5422363,35.54693985,58.22327042,93.63520813
29/11/19,133.0605621,695.4376221,35.35781097,57.76552582,93.23133087
2/12/19,131.5364838,680.7783203,34.74064255,57.37743759,93.30113983
3/12/19,130.7546387,676.4782715,34.59132385,55.79522705,92.20418549
4/12/19,130.6259918,685.8602295,34.81032181,55.74547195,93.46070099
5/12/19,130.546814,687.032959,34.63114166,55.8051796,95.52497101
6/12/19,131.843277,701.3013306,34.70082474,56.53160477,96.73162079
9/12/19,132.5360413,708.5332642,34.41214752,56.25297165,96.36264038
10/12/19,132.5261383,685.0783691,34.5614624,56.31267929,96.74159241
11/12/19,132.3776855,687.4238892,34.76054764,56.79032898,96.91112518
12/12/19,133.9215698,688.4011841,35.14876938,57.26797485,97.44963074
13/12/19,132.8230438,670.8099976,35.31798935,57.50680161,97.49948883
16/12/19,132.743866,688.9875488,35.23835754,57.41724014,98.53661346
17/12/19,132.8329315,674.3282471,35.73607635,57.01919937,99.37429047
18/12/19,133.0209808,682.5374756,35.47726059,56.88983536,100.2917404
19/12/19,133.1694183,679.99646,35.87543488,57.67596436,100.8701401
20/12/19,134.1887817,679.99646,36.02474976,58.66111374,99.68343353
23/12/19,134.1492004,688.4011841,36.04465866,58.93974304,99.76321411
24/12/19,133.585083,682.1465454,36.04465866,59.11886215,99.8629303
26/12/19,133.5158081,,36.08447647,59.52685165,100.4313583
27/12/19,133.8720856,685.4693604,35.90529633,59.78557968,101.2889786
30/12/19,131.4375,672.1781616,35.63652802,59.32783127,100.5211105
31/12/19,132.6547852,667.6826782,35.94511414,59.55670166,101.0296936
2/1/20,134.0205383,665.7280884,36.13424683,60.54185104,101.9172287
3/1/20,132.9516907,662.4053345,35.79579926,59.80547714,101.6380081
6/1/20,132.7141876,661.6234741,35.61661911,59.63631058,101.5482635
7/1/20,132.8032532,653.0233765,35.45735168,58.64121246,101.4983978
8/1/20,133.9116669,650.4824219,35.43744278,58.68101883,101.2690353
9/1/20,135.3269043,669.8327637,35.0193634,59.00939941,101.1992264
10/1/20,135.27742,667.0962524,34.73068619,58.65116119,100.6208344
13/1/20,135.1883545,660.255249,34.57141495,59.29797745,101.8773499
14/1/20,134.4164124,658.3007202,35.18858337,59.13876343,102.6352386
15/1/20,135.2081299,661.4280396,35.16867828,58.65116119,102.5056
16/1/20,136.5540771,662.0144653,35.75598145,59.36763382,103.0839996
17/1/20,136.880661,660.4507446,35.65643692,59.30792618,104.2407837
21/1/20,137.731781,648.9187622,35.55689621,60.25327301,104.2906494
22/1/20,142.4029999,634.2594604,35.72612,62.42258835,104.2008972
23/1/20,141.3935394,637.5822754,35.44739914,63.00970078,102.7349625
24/1/20,139.1074219,643.0550537,35.19853973,68.13446045,101.7477036
27/1/20,137.1874542,622.1410522,35.31798935,65.36808777,99.96265411
28/1/20,138.1078644,636.2140503,36.04465866,66.98014069,100.1321869
29/1/20,136.2670746,658.1052856,34.42210388,66.00495148,99.56375885
30/1/20,135.3565826,658.6916504,34.89990997,66.14426422,97.91833496
31/1/20,142.2446594,654.7824707,33.40676117,63.61671066,96.03356171
3/2/20,144.7584076,659.8643799,34.23296738,64.10430908,98.99533844
4/2/20,147.5690613,669.8327637,37.2391777,65.13921356,101.0995026
5/2/20,154.714447,671.0054321,36.96045685,67.00999451,100.2618256
6/2/20,155.1399994,677.8464355,37.82648468,67.08999634,99.99256897
7/2/20,153.4100037,671.3963623,36.03470612,66.01999664,99.16487122
10/2/20,154.4299927,676.2828369,35.85552597,66.38999939,99.74326324
11/2/20,153.4799957,681.1692505,36.27360535,67.41000366,99.74326324
12/2/20,155.3099976,683.1238403,36.98036575,67.45999908,102.7150192
13/2/20,154.3099976,652.2415771,37.02018356,67.44000244,103.0839996
14/2/20,150.6999969,661.8189697,37.9658432,67.26999664,103.2535248
18/2/20,151.1000061,659.6689453,37.6970787,66.13999939,101.7177887
19/2/20,150.8600006,647.159668,37.35863113,67.11000061,102.1765137
20/2/20,151.2200012,649.505127,37.51789856,65.44999695,102.2463226
21/2/20,149.8399963,630.9366455,38.02557373,64.33999634,99.97262573
24/2/20,146.4299927,614.1273804,37.08986282,61.75999832,95.64463806
25/2/20,141.7100067,595.5588989,36.29351425,59.72999954,92.64296722
26/2/20,139.75,602.5953369,36.52246475,59.65000153,91.74545288
27/2/20,133.1100006,586.9587402,34.88000107,55.83000183,88.30500031
28/2/20,130.1499939,605.9180908,34.63999939,55.52000046,89.37999725
2/3/20,134.3000031,601.8134766,35.95999908,58.18000031,92.68000031
3/3/20,128.8999939,621.3592529,36.72000122,55.97000122,90.93000031
4/3/20,134.2200012,593.6043091,38.49000168,58.68000031,93.79000092
5/3/20,129.5500031,573.8630981,37.22000122,56.95999908,90.58000183
6/3/20,127.7300034,574.8403931,36.38999939,55.77000046,88.36000061
9/3/20,117.8099976,555.2946777,35.52000046,50.84999847,84.11000061
10/3/20,124.7699966,544.7399902,36.04000092,53.97999954,88.30000305
11/3/20,117.9700012,525.3896484,34.83000183,51.65999985,84
12/3/20,102.8099976,440.9520264,33.02999878,45.54000092,74.19999695
13/3/20,107.9499969,469.0979004,33.99000168,54.43000031,75.58000183
16/3/20,99.08000183,420.2335205,32.24000168,44.61000061,66.79000092
17/3/20,106.6500015,379.6761169,33.27999878,50.08000183,69.83999634
18/3/20,103.5500031,338.5323181,31.29999924,47.61000061,68.04000092
19/3/20,100.3399963,357.0030212,29.60000038,45.93999863,70.33999634
20/3/20,95.38999939,351.2370605,27.57999992,45.83000183,67.44999695
23/3/20,94.76999664,328.4662781,26.34000015,49.58000183,62.79999924
24/3/20,105.4800034,342.1482849,27.67000008,52.40000153,72.33000183
25/3/20,105.8499985,387.9830627,28.37000084,51.25999832,79.01000214
26/3/20,112.8899994,395.9968262,30.15999985,55.54000092,84.30000305
27/3/20,108.0299988,356.416687,30.18000031,52.36999893,83.23000336
30/3/20,112.9300003,314.0023804,31.19000053,55.49000168,85.37999725
31/3/20,110.9300003,332.8640442,30.05999947,54.11999893,82.73999786
1/4/20,105.1399994,298.0726318,28.78000069,51.88000107,79.23000336
2/4/20,110,271.9790344,29.19000053,54.34999847,80.13999939
3/4/20,106.3399963,245.8854828,29.40999985,54.13000107,78.86000061
6/4/20,114.8199997,290.938446,31.18000031,58.43000031,84.62999725
7/4/20,114.9400024,328.0753479,31.62000084,58.40000153,84.16000366
8/4/20,119.2900009,318.7911377,33.00999832,58.97999954,85.30000305
9/4/20,121.5,342.2460327,33.83000183,57.13999939,86.79000092
13/4/20,121.1500015,,34.75999832,58.70000076,84.45999908
14/4/20,123.9100037,327.8798828,35.74000168,60.65999985,87.47000122
15/4/20,118.6900024,302.9590454,36.18999863,58.86999893,85.04000092
16/4/20,115.7300034,302.0794983,37.22000122,60.79000092,86.30000305
17/4/20,120.1200027,326.9025879,37.45999908,60.36000061,89.91000366
20/4/20,120.4100037,319.9638672,37.63999939,59.18000031,87.90000153
21/4/20,116.7600021,300.4181213,37.61000061,56.36000061,85.19999695
22/4/20,119.3099976,305.5,38.25,60.09999847,88.76999664
23/4/20,121.3499985,317.6000061,37.90999985,59.04000092,87.34999847
24/4/20,124.7200012,310.2000122,39.34999847,59.25999832,88.37000275
27/4/20,125.9199982,307.7999878,39.63000107,59.47000122,89.37000275
28/4/20,126.2699966,319.5,39.08000183,58.75,88.80000305
29/4/20,128.6900024,357.6000061,39.02999878,61.79999924,88.06999969
30/4/20,125.5599976,330,39.83000183,59.97999954,87.18000031